101,S. Bascom Ave & E. Campbell Ave,Campbell (extrapolated),2014,14:00-16:00,,,,,,,,,,,,,23,23,23,23,,,,,37.286864993608205,-121.93177499088468
102,E. Hamilton Ave & Winchester Blvd,Campbell (extrapolated),2014,14:00-16:00,,,,,,,,,,,,,28.75,28.75,28.75,28.75,,,,,37.294338006441066,-121.94990700635158
103,E. Hamilton Ave & Creekside Way,Campbell (extrapolated),2014,14:00-16:00,,,,,,,,,,,,,6.75,6.75,6.75,6.75,,,,,37.294385003617435,-121.93554198805982
104,E. Hamilton Ave & Salmar Ave,Campbell (extrapolated),2014,14:00-16:00,,,,,,,,,,,,,6.5,6.5,6.5,6.5,,,,,37.29438000336909,-121.9397309912747
105,E. Hamilton Ave & S. Bascom Ave,Campbell/San Jose (extrapolated),2014,14:00-16:00,,,,,,,,,,,,,39.25,39.25,39.25,39.25,,,,,37.294410008216424,-121.93180001151885
202,10400 N. Wolfe Rd,Cupertino (extrapolated),2014,14:00-16:00,,,,,,,,,,,,,2.75,2.75,2.75,2.75,,,,,37.33269249676423,-122.01420952367545
203,10599 N. Wolfe Rd,Cupertino (extrapolated),2014,14:00-16:00,,,,,,,,,,,,,7.5,7.5,7.5,7.5,,,,,37.32921560814255,-122.01442367125594
204,N. Wolfe Rd & Stevens Creek Blvd,Cupertino (extrapolated),2014,14:00-16:00,,,,,,,,,,,,,10.25,10.25,10.25,10.25,,,,,37.323040003815194,-122.01426299599899
206,S. De Anza Blvd & Prospect Rd,Cupertino (extrapolated),2014,14:00-16:00,,,,,,,,,,,,,11.5,11.5,11.5,11.5,,,,,37.29396000686595,-122.03233200335212
208,1301 S De Anza Blvd,Cupertino (extrapolated),2014,14:00-16:00,,,,,,,,,,,,,3.75,3.75,3.75,3.75,,,,,37.30035587828248,-122.03234859112348
209,1274 S De Anza Blvd,Cupertino (extrapolated),2014,14:00-16:00,,,,,,,,,,,,,3,3,3,3,,,,,37.301609702138876,-122.03210500150735
210,S. De Anza Blvd & Bollinger Rd,Cupertino (extrapolated),2014,14:00-16:00,,,,,,,,,,,,,8,8,8,8,,,,,37.31227699428662,-122.03234799889898
211,S. De Anza Blvd & Stevens Creek Blvd,Cupertino (extrapolated),2014,14:00-16:00,,,,,,,,,,,,,55.5,55.5,55.5,55.5,,,,,37.322806004169706,-122.03238499979908
212,10799 N De Anza Blvd,Cupertino (extrapolated),2014,14:00-16:00,,,,,,,,,,,,,52.25,52.25,52.25,52.25,,,,,37.33365683336636,-122.0324148569928
213,10870 N De Anza Blvd,Cupertino (extrapolated),2014,14:00-16:00,,,,,,,,,,,,,6,6,6,6,,,,,37.335084298434566,-122.03217894612042
214,N. De Anza Blvd & E. Homestead Rd,Cupertino (extrapolated),2014,14:00-16:00,,,,,,,,,,,,,3.25,3.25,3.25,3.25,,,,,37.337556995012115,-122.03217599436837
217,Stevens Creek Blvd & N. Stelling Rd,Cupertino (extrapolated),2014,14:00-16:00,,,,,,,,,,,,,47.75,47.75,47.75,47.75,,,,,37.32296999570129,-122.04155799084826
219,21301 Stevens Creek Blvd,Cupertino (extrapolated),2014,14:00-16:00,,,,,,,,,,,,,4,4,4,4,,,,,37.322924792656686,-122.05074295464026
220,21298 Stevens Creek Blvd,Cupertino (extrapolated),2014,14:00-16:00,,,,,,,,,,,,,5.5,5.5,5.5,5.5,,,,,37.32278169273351,-122.04919686918811
301,Monterey Hwy & Leavesley Rd,Gilroy (extrapolated),2014,14:00-16:00,,,,,,,,,,,,,9,9,9,9,,,,,37.01946499570106,-121.57479800785654
601,State Hwy 9 & University Ave,Los Gatos (extrapolated),2014,14:00-16:00,,,,,,,,,,,,,8.75,8.75,8.75,8.75,,,,,37.228095004541444,-121.97961699390927
602,State Hwy 9 & Santa Cruz Ave,Los Gatos (extrapolated),2014,14:00-16:00,,,,,,,,,,,,,31.5,31.5,31.5,31.5,,,,,37.22896800256432,-121.98096099555745
603,Los Gatos Blvd & Lark Ave,Los Gatos (extrapolated),2014,14:00-16:00,,,,,,,,,,,,,15.75,15.75,15.75,15.75,,,,,37.247990002374316,-121.95646400007466
701,State Hwy 237 & N. Abel St,Milpitas (extrapolated),2014,14:00-16:00,,,,,,,,,,,,,9,9,9,9,,,,,37.4303090057936,-121.90896599031629
702,State Hwy 237 & N. Milpitas Blvd,Milpitas (extrapolated),2014,14:00-16:00,,,,,,,,,,,,,7.5,7.5,7.5,7.5,,,,,37.43236499483348,-121.8996479941865
1001,Castro St & State Hwy 82,Mountain View (extrapolated),2014,14:00-16:00,,,,,,,,,,,,,43.25,43.25,43.25,43.25,,,,,37.38567400673269,-122.08391000697964
1002,El Monte Ave & State Hwy 82,Mountain View (extrapolated),2014,14:00-16:00,,,,,,,,,,,,,20.5,20.5,20.5,20.5,,,,,37.39188000960888,-122.09535999103606
1003,Grant Rd & State Hwy 82,Mountain View (extrapolated),2014,14:00-16:00,,,,,,,,,,,,,24.5,24.5,24.5,24.5,,,,,37.38032699326506,-122.07306000319427
1004,Miramonte Ave & State Hwy 82,Mountain View (extrapolated),2014,14:00-16:00,,,,,,,,,,,,,13.25,13.25,13.25,13.25,,,,,37.38790035022671,-122.0881207458154
1005,S Rengstorff Ave & State Hwy 82,Mountain View (extrapolated),2014,14:00-16:00,,,,,,,,,,,,,16.75,16.75,16.75,16.75,,,,,37.395701996513935,-122.10198000077717
1006,San Antonio Rd & State Hwy 82,Mountain View (extrapolated),2014,14:00-16:00,,,,,,,,,,,,,92.25,92.25,92.25,92.25,,,,,37.401200994331546,-122.11370301019278
1100,Alma St & State Hwy 82,Palo Alto (extrapolated),2014,14:00-16:00,,,,,,,,,,,,,13.25,13.25,13.25,13.25,,,,,37.316352992160816,-121.87399400108097
1102,Embarcadero Rd & State Hwy 82,Palo Alto (extrapolated),2014,14:00-16:00,,,,,,,,,,,,,34.75,34.75,34.75,34.75,,,,,37.43725400949527,-122.16018599193983
1104,Page Mill Rd & State Hwy 82,Palo Alto (extrapolated),2014,14:00-16:00,,,,,,,,,,,,,33.25,33.25,33.25,33.25,,,,,37.42301800700432,-122.14215199207472
1106,Arastradero Rd & State Hwy 82,Palo Alto (extrapolated),2014,14:00-16:00,,,,,,,,,,,,,20,20,20,20,,,,,37.41037898943953,-122.1233810059616
1108,Charleston Rd & San Antonio Rd,Palo Alto (extrapolated),2014,14:00-16:00,,,,,,,,,,,,,5.75,5.75,5.75,5.75,,,,,37.42189200332052,-122.10172898564744
1110,W. Middlefield Rd & San Antonio Rd.,Palo Alto (extrapolated),2014,14:00-16:00,,,,,,,,,,,,,13.25,13.25,13.25,13.25,,,,,37.41625599955846,-122.1034580069873
1112,Palm Dr & State Hwy 82,Palo Alto (extrapolated),2014,14:00-16:00,,,,,,,,,,,,,61.5,61.5,61.5,61.5,,,,,37.44155962659704,-122.16549006183313
1114,University Ave & State Hwy 82,Palo Alto (extrapolated),2014,14:00-16:00,,,,,,,,,,,,,66.75,66.75,66.75,66.75,,,,,37.442213481609556,-122.16512612247006
1200,Bowers Ave & Scott Blvd,Santa Clara (extrapolated),2014,14:00-16:00,,,,,,,,,,,,,6.25,6.25,6.25,6.25,,,,,37.38048999541482,-121.97785399082998
1201,Bowers Ave & State Hwy 82,Santa Clara (extrapolated),2014,14:00-16:00,,,,,,,,,,,,,54.75,54.75,54.75,54.75,,,,,37.35230600741195,-121.97765999747871
1202,Lafayette st & State Hwy 82,Santa Clara (extrapolated),2014,14:00-16:00,,,,,,,,,,,,,14.25,14.25,14.25,14.25,,,,,37.3549130064157,-121.94605299763266
1203,State Hwy 82 & Lincoln St,Santa Clara (extrapolated),2014,14:00-16:00,,,,,,,,,,,,,14.75,14.75,14.75,14.75,,,,,37.35246199203333,-121.95459799156447
1204,State Hwy 82 & Monroe St,Santa Clara (extrapolated),2014,14:00-16:00,,,,,,,,,,,,,16,16,16,16,,,,,37.35322600620537,-121.95076500666379
1205,State Hwy 82 & Scott Blvd,Santa Clara (extrapolated),2014,14:00-16:00,,,,,,,,,,,,,36.75,36.75,36.75,36.75,,,,,37.352467999955294,-121.95947899581378
1206,Great America Pkwy & Mission College Blvd,Santa Clara (extrapolated),2014,14:00-16:00,,,,,,,,,,,,,39.75,39.75,39.75,39.75,,,,,37.392561999209114,-121.97681899434323
1207,Great America Pkwy &Tasman Dr.,Santa Clara (extrapolated),2014,14:00-16:00,,,,,,,,,,,,,15.25,15.25,15.25,15.25,,,,,37.403192001524495,-121.9778189892926
1208,Bowers Ave & US Hwy 101,Santa Clara (extrapolated),2014,14:00-16:00,,,,,,,,,,,,,1.25,1.25,1.25,1.25,,,,,37.38459723694024,-121.97735315856316
1209,Great America & US Hwy 101,Santa Clara (extrapolated),2014,14:00-16:00,,,,,,,,,,,,,1,1,1,1,,,,,37.3858445038686,-121.97670259487707
1210,I 280 & Stevens Creek Blvd,Santa Clara (extrapolated),2014,14:00-16:00,,,,,,,,,,,,,6.75,6.75,6.75,6.75,,,,,37.32288398045206,-122.00093487227868
1211,Lawrence Expy & Stevens Creek Blvd E,Santa Clara (extrapolated),2014,14:00-16:00,,,,,,,,,,,,,3.5,3.5,3.5,3.5,,,,,37.32295399659014,-121.99530563245396
1212,5304 Stevens Creek Blvd,Santa Clara (extrapolated),2014,14:00-16:00,,,,,,,,,,,,,7,7,7,7,,,,,37.322946695849275,-121.99637710371883
1213,The Alameda & State Hwy 82,Santa Clara (extrapolated),2014,14:00-16:00,,,,,,,,,,,,,31.5,31.5,31.5,31.5,,,,,37.3453209967549,-121.93359399964541
1214,Lawrence Expy & State Hwy 82,Santa Clara (extrapolated),2014,14:00-16:00,,,,,,,,,,,,,26.5,26.5,26.5,26.5,,,,,37.35223899061426,-121.99659300827395
1301,Saratoga Sunnyvale Rd & State Hwy 9,Saratoga (extrapolated),2014,14:00-16:00,,,,,,,,,,,,,7,7,7,7,,,,,37.25921699567832,-122.03198399918385
1401,Sunnyvale Saratoga Rd & W Fremont Ave,Sunnyvale (extrapolated),2014,14:00-16:00,,,,,,,,,,,,,43,43,43,43,,,,,37.35204999538758,-122.03244199599627
1402,Sunnyvale Saratoga Rd & E Remington Dr,Sunnyvale (extrapolated),2014,14:00-16:00,,,,,,,,,,,,,22.25,22.25,22.25,22.25,,,,,37.35902599706687,-122.03217000363556
1404,E Remington Dr & State Hwy 82,Sunnyvale (extrapolated),2014,14:00-16:00,,,,,,,,,,,,,104.25,104.25,104.25,104.25,,,,,37.3616999937233,-122.0250620091709
1405,S Wolfe Rd & State Hwy 82,Sunnyvale (extrapolated),2014,14:00-16:00,,,,,,,,,,,,,26.5,26.5,26.5,26.5,,,,,37.353006998769395,-122.01412300485278
1406,Mary Ave & State Hwy 82,Sunnyvale (extrapolated),2014,14:00-16:00,,,,,,,,,,,,,21.5,21.5,21.5,21.5,,,,,37.371799005658204,-122.04846399365108
1407,S Mathilda Ave & State Hwy 82,Sunnyvale (extrapolated),2014,14:00-16:00,,,,,,,,,,,,,21.25,21.25,21.25,21.25,,,,,37.36911499333458,-122.03710499569986
1412,N Mathilda Ave & W Java Dr,Sunnyvale (extrapolated),2014,14:00-16:00,,,,,,,,,,,,,41.75,41.75,41.75,41.75,,,,,37.41429499707308,-122.02535399687878
1413,N Mathilda Ave & W Maude Ave,Sunnyvale (extrapolated),2014,14:00-16:00,,,,,,,,,,,,,7.25,7.25,7.25,7.25,,,,,37.38970700457237,-122.03058099290016
2001,Quito Rd & State Hwy 9,SC County (extrapolated),2014,14:00-16:00,,,,,,,,,,,,,0.25,0.25,0.25,0.25,,,,,37.240055008387024,-121.99694500660453
3001,14699 S Bascom Ave,San Jose (extrapolated),2014,14:00-16:00,,,,,,,,,,,,,2.5,2.5,2.5,2.5,,,,,37.255207819419724,-121.95078639404773
3002,14700 S Bascom Ave,San Jose (extrapolated),2014,14:00-16:00,,,,,,,,,,,,,2,2,2,2,,,,,37.25378902604869,-121.95184311849336
3003,Exit 1B & Bernal Rd,San Jose (extrapolated),2014,14:00-16:00,,,,,,,,,,,,,0.5,0.5,0.5,0.5,,,,,37.24116699704679,-121.77265601228895
3004,Entrada Cedros & Blossom Hill  Rd,San Jose (extrapolated),2014,14:00-16:00,,,,,,,,,,,,,2.25,2.25,2.25,2.25,,,,,37.25121399224089,-121.83457199033936
3005,Blossom Ave & Blossom Hill Rd,San Jose (extrapolated),2014,14:00-16:00,,,,,,,,,,,,,3.75,3.75,3.75,3.75,,,,,37.250693998949075,-121.8397250060891
3006,1733 Branham Ln,San Jose (extrapolated),2014,14:00-16:00,,,,,,,,,,,,,3.5,3.5,3.5,3.5,,,,,37.25143304466505,-121.90927045232422
3007,Camden Ave & Little Branham Ln,San Jose (extrapolated),2014,14:00-16:00,,,,,,,,,,,,,2,2,2,2,,,,,37.248876007714095,-121.90997700438679
3008,5780 Cottle Rd,San Jose (extrapolated),2014,14:00-16:00,,,,,,,,,,,,,3.75,3.75,3.75,3.75,,,,,37.244390279368524,-121.80377148453988
3009,201 Cottle Rd,San Jose (extrapolated),2014,14:00-16:00,,,,,,,,,,,,,20.5,20.5,20.5,20.5,,,,,37.241641544189626,-121.80394880577563
3010,State Hwy 87 & State Hwy 85,San Jose (extrapolated),2014,14:00-16:00,,,,,,,,,,,,,17.25,17.25,17.25,17.25,,,,,37.25534500572054,-121.85897100339203
3011,State Hwy 87 & State Hwy 85,San Jose (extrapolated),2014,14:00-16:00,,,,,,,,,,,,,8.5,8.5,8.5,8.5,,,,,37.25534500572054,-121.85897100339203
3013,W Julian St & Notre Dame Ave,San Jose (extrapolated),2014,14:00-16:00,,,,,,,,,,,,,19,19,19,19,,,,,37.33729799947962,-121.89685000536019
3014,W Julian St & N Almaden Ave,San Jose (extrapolated),2014,14:00-16:00,,,,,,,,,,,,,9.25,9.25,9.25,9.25,,,,,37.336542996682574,-121.89875699989058
3015,State Hwy 87 & W Santa Clara St,San Jose (extrapolated),2014,14:00-16:00,,,,,,,,,,,,,115.75,115.75,115.75,115.75,,,,,37.333092000484534,-121.89705199756044
3016,1500 Alum Rock Ave,San Jose (extrapolated),2014,14:00-16:00,,,,,,,,,,,,,5.25,5.25,5.25,5.25,,,,,37.350245431115034,-121.86078994671581
3017,Exit 377A & Bernal Rd,San Jose (extrapolated),2014,14:00-16:00,,,,,,,,,,,,,1.25,1.25,1.25,1.25,,,,,37.24311599940081,-121.77276400381196
3018,15 Blossom Hill Rd,San Jose (extrapolated),2014,14:00-16:00,,,,,,,,,,,,,3.75,3.75,3.75,3.75,,,,,37.25704605081713,-121.79294413486525
3019,Silver Creek Valley Rd & Coyote Rd,San Jose (extrapolated),2014,14:00-16:00,,,,,,,,,,,,,1,1,1,1,,,,,37.257219117893065,-121.79909111094831
3020,34 E Brokaw Rd,San Jose (extrapolated),2014,14:00-16:00,,,,,,,,,,,,,5.25,5.25,5.25,5.25,,,,,37.372815227637545,-121.91857403765775
3021,Oakland Rd & US Hwy 101,San Jose (extrapolated),2014,14:00-16:00,,,,,,,,,,,,,14.5,14.5,14.5,14.5,,,,,37.363171000756935,-121.89159299216689
3022,998 Oakland Rd,San Jose (extrapolated),2014,14:00-16:00,,,,,,,,,,,,,1.75,1.75,1.75,1.75,,,,,37.36256342544603,-121.89132354155078
3023,1499 E Santa Clara St,San Jose (extrapolated),2014,14:00-16:00,,,,,,,,,,,,,4.75,4.75,4.75,4.75,,,,,37.349607934030395,-121.86228733248906
3024,Yerba Buena Rd & Dove Hill Rd,San Jose (extrapolated),2014,14:00-16:00,,,,,,,,,,,,,0,0,0,0,,,,,37.295516993704354,-121.80840500000448
3025,Yerba Buena Rd & US Hwy 101,San Jose (extrapolated),2014,14:00-16:00,,,,,,,,,,,,,3,3,3,3,,,,,37.29465099692984,-121.81019900955842
3026,4201 N First St,San Jose (extrapolated),2014,14:00-16:00,,,,,,,,,,,,,0.25,0.25,0.25,0.25,,,,,37.417764709911275,-121.95801365955165
3027,4806 N First St,San Jose (extrapolated),2014,14:00-16:00,,,,,,,,,,,,,3.5,3.5,3.5,3.5,,,,,37.41987037224117,-121.96026874644515
3028,5698 Great America Pkwy,San Jose (extrapolated),2014,14:00-16:00,,,,,,,,,,,,,0.5,0.5,0.5,0.5,,,,,37.41624399624829,-121.97744505409477
3029,Great America Pkwy & State Hwy 237,San Jose (extrapolated),2014,14:00-16:00,,,,,,,,,,,,,0.25,0.25,0.25,0.25,,,,,37.41523629709884,-121.97768654260439
3030,4109 Zanker Rd,San Jose (extrapolated),2014,14:00-16:00,,,,,,,,,,,,,0,0,0,0,,,,,37.42183753286052,-121.94005334214751
3031,3999 Center Rd,San Jose (extrapolated),2014,14:00-16:00,,,,,,,,,,,,,0,0,0,0,,,,,37.41975591279776,-121.93966939795567
3032,498 Bird Ave,San Jose (extrapolated),2014,14:00-16:00,,,,,,,,,,,,,6.25,6.25,6.25,6.25,,,,,37.32292801846359,-121.89881534370798
3033,500 Bird Ave,San Jose (extrapolated),2014,14:00-16:00,,,,,,,,,,,,,3,3,3,3,,,,,37.32166225483457,-121.89795330716693
3034,801 S 11th St,San Jose (extrapolated),2014,14:00-16:00,,,,,,,,,,,,,2,2,2,2,,,,,37.32806615526923,-121.87076326103848
3035,799 S 11th St,San Jose (extrapolated),2014,14:00-16:00,,,,,,,,,,,,,3,3,3,3,,,,,37.32885419932069,-121.87127369186392
3036,901 McLaughlin Ave,San Jose (extrapolated),2014,14:00-16:00,,,,,,,,,,,,,10.25,10.25,10.25,10.25,,,,,37.33594629846179,-121.85688333724677
3037,3110 Moorpark Ave,San Jose (extrapolated),2014,14:00-16:00,,,,,,,,,,,,,0,0,0,0,,,,,37.31609702783778,-121.951380910626
3038,479 Saratoga Ave,San Jose (extrapolated),2014,14:00-16:00,,,,,,,,,,,,,21.5,21.5,21.5,21.5,,,,,37.31837266890596,-121.97402371918669
3039,525 Saratoga Ave,San Jose (extrapolated),2014,14:00-16:00,,,,,,,,,,,,,8.5,8.5,8.5,8.5,,,,,37.31675885568659,-121.97538881242069
3040,777 S. 10th St,San Jose (extrapolated),2014,14:00-16:00,,,,,,,,,,,,,7.75,7.75,7.75,7.75,,,,,37.3287040964916,-121.87210043388117
3041,855 S. 10th St,San Jose (extrapolated),2014,14:00-16:00,,,,,,,,,,,,,8.75,8.75,8.75,8.75,,,,,37.32786307856523,-121.8714812417129
3042,2400 Alum Rock Ave,San Jose (extrapolated),2014,14:00-16:00,,,,,,,,,,,,,12,12,12,12,,,,,37.36014927990923,-121.83977601335688
3043,2431 Alum Rock Ave,San Jose (extrapolated),2014,14:00-16:00,,,,,,,,,,,,,7,7,7,7,,,,,37.35908282671459,-121.84233038671836
3044,500 S King Rd,San Jose (extrapolated),2014,14:00-16:00,,,,,,,,,,,,,11.25,11.25,11.25,11.25,,,,,37.344246122694074,-121.8472689066942
3045,701 S King Rd,San Jose (extrapolated),2014,14:00-16:00,,,,,,,,,,,,,3.75,3.75,3.75,3.75,,,,,37.34276266021329,-121.8460739572812
3046,2000 State Hwy 82,San Jose (extrapolated),2014,14:00-16:00,,,,,,,,,,,,,5.5,5.5,5.5,5.5,,,,,37.34293950064535,-121.9269177507175
3047,1999 State Hwy 82,San Jose (extrapolated),2014,14:00-16:00,,,,,,,,,,,,,5.25,5.25,5.25,5.25,,,,,37.34231806440075,-121.92500284473756
3048,Cherrystone Dr & N Bascom Ave,San Jose (extrapolated),2014,14:00-16:00,,,,,,,,,,,,,1.5,1.5,1.5,1.5,,,,,37.3355507026574,-121.93673303692009
3049,989 N Bascom Ave,San Jose (extrapolated),2014,14:00-16:00,,,,,,,,,,,,,0.75,0.75,0.75,0.75,,,,,37.33332218137119,-121.93547490926473
3050,900 E Brokaw Rd,San Jose (extrapolated),2014,14:00-16:00,,,,,,,,,,,,,0.75,0.75,0.75,0.75,,,,,37.38192460676186,-121.90348913503236
3051,799 E Brokaw Rd,San Jose (extrapolated),2014,14:00-16:00,,,,,,,,,,,,,1.5,1.5,1.5,1.5,,,,,37.38213610452965,-121.90578154271151
3052,Coleman Ave & Newhall St,San Jose (extrapolated),2014,14:00-16:00,,,,,,,,,,,,,0,0,0,0,,,,,37.349869994110634,-121.91953599209579
3053,965 Coleman Ave,San Jose (extrapolated),2014,14:00-16:00,,,,,,,,,,,,,1.25,1.25,1.25,1.25,,,,,37.347474478101546,-121.9170739737189
3054,1249 N First st,San Jose (extrapolated),2014,14:00-16:00,,,,,,,,,,,,,5.25,5.25,5.25,5.25,,,,,37.359328264004894,-121.90795335162014
3055,Burton Ave & N First St,San Jose (extrapolated),2014,14:00-16:00,,,,,,,,,,,,,4.5,4.5,4.5,4.5,,,,,37.3570840049577,-121.90632101143883
3056,2801 Stevens Creek Blvd,San Jose (extrapolated),2014,14:00-16:00,,,,,,,,,,,,,0,0,0,0,,,,,37.32337228872157,-121.94231506728165
3057,W Hedding St & State Hwy 82,San Jose (extrapolated),2014,14:00-16:00,,,,,,,,,,,,,5,5,5,5,,,,,37.34075200234282,-121.92304799907302
3058,Naglee Ave & State Hwy 82,San Jose (extrapolated),2014,14:00-16:00,,,,,,,,,,,,,49.25,49.25,49.25,49.25,,,,,37.33757900800907,-121.91927200458804
3059,Race St & State Hwy 82,San Jose (extrapolated),2014,14:00-16:00,,,,,,,,,,,,,32.25,32.25,32.25,32.25,,,,,37.331501993891614,-121.91193800660899
3060,W Alma Ave & S First St,San Jose (extrapolated),2014,14:00-16:00,,,,,,,,,,,,,21.5,21.5,21.5,21.5,,,,,37.316352992160816,-121.87399400108097
3061,E San Carlos St & Almaden Blvd,San Jose (extrapolated),2014,14:00-16:00,,,,,,,,,,,,,58,58,58,58,,,,,37.32940399452725,-121.8914329962157
3062,Alum Rock Ave & S Capitol Ave,San Jose (extrapolated),2014,14:00-16:00,,,,,,,,,,,,,41,41,41,41,,,,,37.362251994751524,-121.83534300166983
3063,Alum Rock Ave & S Jackson Ave,San Jose (extrapolated),2014,14:00-16:00,,,,,,,,,,,,,53.75,53.75,53.75,53.75,,,,,37.35844199979622,-121.84339699497875
3064,Alum Rock Ave & S King Rd,San Jose (extrapolated),2014,14:00-16:00,,,,,,,,,,,,,56.5,56.5,56.5,56.5,,,,,37.352735993057436,-121.8555810065261
3065,Alum rock Ave & S White Rd,San Jose (extrapolated),2014,14:00-16:00,,,,,,,,,,,,,90.5,90.5,90.5,90.5,,,,,37.36578600331767,-121.82792999794873
3066,W Santa Clara St & N Autumn St,San Jose (extrapolated),2014,14:00-16:00,,,,,,,,,,,,,78.75,78.75,78.75,78.75,,,,,37.33200199440341,-121.90022600158072
3067,S Bascom Ave & Camden Ave,San Jose (extrapolated),2014,14:00-16:00,,,,,,,,,,,,,12,12,12,12,,,,,37.26612399441958,-121.94115100631515
3068,S Bascom Ave & Curtner Ave,San Jose (extrapolated),2014,14:00-16:00,,,,,,,,,,,,,10.75,10.75,10.75,10.75,,,,,37.27254300816055,-121.9357290102722
3069,S Bascom Ave & Samaritan Dr,San Jose (extrapolated),2014,14:00-16:00,,,,,,,,,,,,,9.75,9.75,9.75,9.75,,,,,37.2531420106781,-121.95240701267088
3070,S Bascom Ave & Stokes St,San Jose (extrapolated),2014,14:00-16:00,,,,,,,,,,,,,24.5,24.5,24.5,24.5,,,,,37.30151599962769,-121.93180799388936
3071,S Bascom Ave & Union Ave,San Jose (extrapolated),2014,14:00-16:00,,,,,,,,,,,,,14.75,14.75,14.75,14.75,,,,,37.274793001931904,-121.93388700408357
3072,Bernal Rd & State Hwy 82,San Jose (extrapolated),2014,14:00-16:00,,,,,,,,,,,,,0,0,0,0,,,,,37.23800000512924,-121.77313698776669
3073,6050 State Hwy 82,San Jose (extrapolated),2014,14:00-16:00,,,,,,,,,,,,,1.5,1.5,1.5,1.5,,,,,37.239161418124226,-121.77483476721906
3074,6052 State Hwy 82,San Jose (extrapolated),2014,14:00-16:00,,,,,,,,,,,,,2,2,2,2,,,,,37.2377005792391,-121.77236829029574
3075,Bernal Rd & Santa Teresa Blvd,San Jose (extrapolated),2014,14:00-16:00,,,,,,,,,,,,,13.25,13.25,13.25,13.25,,,,,37.226773994042674,-121.77700299496627
3076,Berryessa Rd & Lundy Ave,San Jose (extrapolated),2014,14:00-16:00,,,,,,,,,,,,,17,17,17,17,,,,,37.37378500592271,-121.87312999889511
3077,Bird Ave & W San Carlos St,San Jose (extrapolated),2014,14:00-16:00,,,,,,,,,,,,,24.75,24.75,24.75,24.75,,,,,37.32459000510035,-121.90052499169968
3078,5498 State Hwy 82,San Jose (extrapolated),2014,14:00-16:00,,,,,,,,,,,,,14,14,14,14,,,,,37.25632124341256,-121.80337015863932
3079,5523 State Hwy 82,San Jose (extrapolated),2014,14:00-16:00,,,,,,,,,,,,,15.75,15.75,15.75,15.75,,,,,37.254862730711984,-121.80125945047843
3080,Blossom Hill Rd & Santa Teresa Blvd,San Jose (extrapolated),2014,14:00-16:00,,,,,,,,,,,,,29.5,29.5,29.5,29.5,,,,,37.25027399956163,-121.85900400669343
3081,Blossom Hill Rd & Snell Ave,San Jose (extrapolated),2014,14:00-16:00,,,,,,,,,,,,,31.25,31.25,31.25,31.25,,,,,37.25120199753992,-121.83089500096007
3082,State Hwy 82 & Branham Ln,San Jose (extrapolated),2014,14:00-16:00,,,,,,,,,,,,,15.5,15.5,15.5,15.5,,,,,37.267429991269395,-121.82202000311469
3083,E Brokaw Rd & N First St,San Jose (extrapolated),2014,14:00-16:00,,,,,,,,,,,,,14.75,14.75,14.75,14.75,,,,,37.37324801089254,-121.91838399527822
3084,E Brokaw Rd & Oakland Rd,San Jose (extrapolated),2014,14:00-16:00,,,,,,,,,,,,,18.75,18.75,18.75,18.75,,,,,37.382840004818256,-121.89599299517968
3085,E Brokaw Rd & Zanker Rd,San Jose (extrapolated),2014,14:00-16:00,,,,,,,,,,,,,8,8,8,8,,,,,37.37739899995485,-121.91323198787586
3086,Camden Ave & Hillsdale Ave,San Jose (extrapolated),2014,14:00-16:00,,,,,,,,,,,,,0,0,0,0,,,,,37.26166900450304,-121.92171099965438
3087,Camden Ave & Leigh Ave,San Jose (extrapolated),2014,14:00-16:00,,,,,,,,,,,,,18.75,18.75,18.75,18.75,,,,,37.26166599702075,-121.92232499384642
3088,Camden Ave & Union Ave,San Jose (extrapolated),2014,14:00-16:00,,,,,,,,,,,,,11.5,11.5,11.5,11.5,,,,,37.261804005695076,-121.93141400851106
3089,Hamilton Ave & Campbell Ave,San Jose (extrapolated),2014,14:00-16:00,,,,,,,,,,,,,9.25,9.25,9.25,9.25,,,,,37.2904129963121,-121.99064000310585
3090,Campbell Ave & Saratoga Ave,San Jose (extrapolated),2014,14:00-16:00,,,,,,,,,,,,,33.5,33.5,33.5,33.5,,,,,37.29163100612493,-121.99228999180022
3091,3627 State Hwy 82,San Jose (extrapolated),2014,14:00-16:00,,,,,,,,,,,,,12.75,12.75,12.75,12.75,,,,,37.280543485912304,-121.83789944505384
3092,3705 State Hwy 82,San Jose (extrapolated),2014,14:00-16:00,,,,,,,,,,,,,0,0,0,0,,,,,37.2793046950473,-121.83631968638502
3093,Santa Teresa Blvd & Coleman Rd,San Jose (extrapolated),2014,14:00-16:00,,,,,,,,,,,,,4.25,4.25,4.25,4.25,,,,,37.242291991497545,-121.86037699785264
3094,Santa Teresa Blvd & Cottle Rd,San Jose (extrapolated),2014,14:00-16:00,,,,,,,,,,,,,20.25,20.25,20.25,20.25,,,,,37.23683500180839,-121.80389599100025
3095,State Hwy 82 & Curtner Ave,San Jose (extrapolated),2014,14:00-16:00,,,,,,,,,,,,,14.5,14.5,14.5,14.5,,,,,37.303633830268666,-121.8611104869231
3096,Trimble Rd & De La Cruz Blvd,San Jose (extrapolated),2014,14:00-16:00,,,,,,,,,,,,,4.25,4.25,4.25,4.25,,,,,37.3794953905213,-121.93939390052967
3097,S First St & Keyes St,San Jose (extrapolated),2014,14:00-16:00,,,,,,,,,,,,,59.75,59.75,59.75,59.75,,,,,37.32005199712118,-121.87763600312907
3098,Trimble Rd & N First St,San Jose (extrapolated),2014,14:00-16:00,,,,,,,,,,,,,15,15,15,15,,,,,37.385998990143094,-121.92789601048489
3099,S First St & Willow St,San Jose (extrapolated),2014,14:00-16:00,,,,,,,,,,,,,19,19,19,19,,,,,37.32099800476947,-121.87858699912968
3102,Hillsdale Ave & Meridian Ave,San Jose (extrapolated),2014,14:00-16:00,,,,,,,,,,,,,15.25,15.25,15.25,15.25,,,,,37.26793300153273,-121.9046519978079
3103,Saratoga Ave & Kiely Blvd,San Jose (extrapolated),2014,14:00-16:00,,,,,,,,,,,,,18,18,18,18,,,,,37.32011999482085,-121.97258798640962
3104,Stevens Creek Blvd & Kiely Blvd,San Jose (extrapolated),2014,14:00-16:00,,,,,,,,,,,,,18.75,18.75,18.75,18.75,,,,,37.32315600371306,-121.97544800338318
3105,Tully Rd & King Rd,San Jose (extrapolated),2014,14:00-16:00,,,,,,,,,,,,,59,59,59,59,,,,,37.3224300048506,-121.82599000633726
3106,Murphy Ave & Lundy Ave,San Jose (extrapolated),2014,14:00-16:00,,,,,,,,,,,,,13.75,13.75,13.75,13.75,,,,,37.38738000605924,-121.8862040090191
3107,E San Carlos St & Market St,San Jose (extrapolated),2014,14:00-16:00,,,,,,,,,,,,,158.25,158.25,158.25,158.25,,,,,37.33086199357664,-121.88844898930171
3108,Tully Rd & McLaughlin Ave,San Jose (extrapolated),2014,14:00-16:00,,,,,,,,,,,,,36.25,36.25,36.25,36.25,,,,,37.31521900222769,-121.83662999688563
3109,State Hwy 82 & Senter Rd,San Jose (extrapolated),2014,14:00-16:00,,,,,,,,,,,,,57.25,57.25,57.25,57.25,,,,,37.27787501088859,-121.83516700058469
3110,State Hwy 82 & Skyway Dr,San Jose (extrapolated),2014,14:00-16:00,,,,,,,,,,,,,5.25,5.25,5.25,5.25,,,,,37.27238200190954,-121.8290039960247
3111,State Hwy 82 & Tully Rd,San Jose (extrapolated),2014,14:00-16:00,,,,,,,,,,,,,4,4,4,4,,,,,37.30077387156638,-121.85822544652558
3112,W Santa Clara St & S Montgomery St,San Jose (extrapolated),2014,14:00-16:00,,,,,,,,,,,,,40.25,40.25,40.25,40.25,,,,,37.33196299636843,-121.90120800774375
3113,Saratoga Ave & Moorpark Ave,San Jose (extrapolated),2014,14:00-16:00,,,,,,,,,,,,,17,17,17,17,,,,,37.3158869967327,-121.97605200679733
3114,Tully Rd & Quimby Rd,San Jose (extrapolated),2014,14:00-16:00,,,,,,,,,,,,,29.5,29.5,29.5,29.5,,,,,37.32618699441558,-121.82046699073588
3115,Santa Teresa Blvd & Snell Ave,San Jose (extrapolated),2014,14:00-16:00,,,,,,,,,,,,,44.25,44.25,44.25,44.25,,,,,37.23676699627647,-121.83061901091837
3116,Stevens Creek Blvd & Saratoga Ave,San Jose (extrapolated),2014,14:00-16:00,,,,,,,,,,,,,33.5,33.5,33.5,33.5,,,,,37.323183005557006,-121.96997499178411
3117,Tully Rd & Senter Rd,San Jose (extrapolated),2014,14:00-16:00,,,,,,,,,,,,,38.5,38.5,38.5,38.5,,,,,37.3079499936358,-121.84782900597962
3118,Stevens Creek Blvd & Winchester Blvd,San Jose (extrapolated),2014,14:00-16:00,,,,,,,,,,,,,37.75,37.75,37.75,37.75,,,,,37.32333299621365,-121.95015598868643
3119,Trimble Rd & Zanker Rd,San Jose (extrapolated),2014,14:00-16:00,,,,,,,,,,,,,5.5,5.5,5.5,5.5,,,,,37.388145992206944,-121.92449499717219
3120,Capitol Expy & Pearl Ave,San Jose (extrapolated),2014,14:00-16:00,,,,,,,,,,,,,8.75,8.75,8.75,8.75,,,,,37.27537900779586,-121.87042199185731
5009,S Bascom Ave & Fruitdale Ave,San Jose (extrapolated),2014,14:00-16:00,,,,,,,,,,,,,31.25,31.25,31.25,31.25,,,,,37.31039899450176,-121.93188400682953
5012,S Bascom Ave & Moorpark Ave,San Jose (extrapolated),2014,14:00-16:00,,,,,,,,,,,,,28.75,28.75,28.75,28.75,,,,,37.31615399970189,-121.93195000885713
5108,Oregon Expwy & Middlefield Rd,Palo Alto (extrapolated),2014,14:00-16:00,,,,,,,,,,,,,22.5,22.5,22.5,22.5,,,,,37.43576799370834,-122.1330429931469
5120,Page Mill Rd & Hanover St,Palo Alto (extrapolated),2014,14:00-16:00,,,,,,,,,,,,,16.5,16.5,16.5,16.5,,,,,37.41723900500357,-122.1469900102607
5205,Page Mill Rd & Foothill Expwy,Palo Alto (extrapolated),2014,14:00-16:00,,,,,,,,,,,,,7,7,7,7,,,,,37.406318006653294,-122.15590900517091
5207,Foothill Expwy & Arastradero Rd,Palo Alto (extrapolated),2014,14:00-16:00,,,,,,,,,,,,,14,14,14,14,,,,,37.39884398941973,-122.134815988045
5213,Foothill Expwy & Main St,Los Altos (extrapolated),2014,14:00-16:00,,,,,,,,,,,,,17.75,17.75,17.75,17.75,,,,,37.37749399614624,-122.11839399696056
5214,Foothill Expwy & San Antonia Rd,Los Altos (extrapolated),2014,14:00-16:00,,,,,,,,,,,,,0,0,0,0,,,,,37.373336997216825,-122.11422600455577
5215,Foothill Expwy & El Monte Ave,Los Altos (extrapolated),2014,14:00-16:00,,,,,,,,,,,,,1.75,1.75,1.75,1.75,,,,,37.370473000936606,-122.11071699537415
5220,Foothill Expwy & Magdalena Ave,Los Altos (extrapolated),2014,14:00-16:00,,,,,,,,,,,,,8.5,8.5,8.5,8.5,,,,,37.35993899135168,-122.09702098978056
5223,Foothill Expwy & Grant Rd,Los Altos (extrapolated),2014,14:00-16:00,,,,,,,,,,,,,4.5,4.5,4.5,4.5,,,,,37.34551799604253,-122.07802600552826
5225,Foothill Expy & El Sereno Ave,Los Altos (extrapolated),2014,14:00-16:00,,,,,,,,,,,,,12.25,12.25,12.25,12.25,,,,,37.33809000528118,-122.06880099702236
5305,Central Expy & N Rengstorff Ave,Mountain View (extrapolated),2014,14:00-16:00,,,,,,,,,,,,,30.25,30.25,30.25,30.25,,,,,37.403167000046814,-122.0973830087928
5308,Central Expy & Moffett Blvd,Mountain View (extrapolated),2014,14:00-16:00,,,,,,,,,,,,,135,135,135,135,,,,,37.39551800626853,-122.07787199909527
5310,981 Central Expy,Mountain View (extrapolated),2014,14:00-16:00,,,,,,,,,,,,,0.25,0.25,0.25,0.25,,,,,37.396944244110095,-122.08103337885048
5311,1055 Central Expy,Mountain View (extrapolated),2014,14:00-16:00,,,,,,,,,,,,,0.75,0.75,0.75,0.75,,,,,37.39764674933758,-122.08274393447309
5313,N Whisman Rd & Central Expy,Mountain View (extrapolated),2014,14:00-16:00,,,,,,,,,,,,,0,0,0,0,,,,,37.38947099912735,-122.06292899902522
5315,Central Expy & State Hwy 237,Mountain View (extrapolated),2014,14:00-16:00,,,,,,,,,,,,,0.25,0.25,0.25,0.25,,,,,37.387652995894996,-122.05754299876034
5320,Central Expy & N Mary Ave,Sunnyvale (extrapolated),2014,14:00-16:00,,,,,,,,,,,,,18.75,18.75,18.75,18.75,,,,,37.386694000476524,-122.0435220101111
5325,Corvin Dr & Central Expy,Santa Clara (extrapolated),2014,14:00-16:00,,,,,,,,,,,,,3.25,3.25,3.25,3.25,,,,,37.37759600228016,-121.98796600441634
5329,Central Expy & Bowers Ave,Santa Clara (extrapolated),2014,14:00-16:00,,,,,,,,,,,,,3.5,3.5,3.5,3.5,,,,,37.375781002224194,-121.97784700509497
5332,Central  Expy & Scott Blvd,Santa Clara (extrapolated),2014,14:00-16:00,,,,,,,,,,,,,4.25,4.25,4.25,4.25,,,,,37.37421599503414,-121.9595120120422
5334,Central Expy & Lafayette St,Santa Clara (extrapolated),2014,14:00-16:00,,,,,,,,,,,,,6,6,6,6,,,,,37.37420199474689,-121.95031399940841
5335,Central Expy & De La Cruz Blvd,Santa Clara (extrapolated),2014,14:00-16:00,,,,,,,,,,,,,7.75,7.75,7.75,7.75,,,,,37.3732700026374,-121.9435840005763
5405,San Tomas Expy & Stevens Creek Blvd,Santa Clara/San Jose (extrapolated),2014,14:00-16:00,,,,,,,,,,,,,9.5,9.5,9.5,9.5,,,,,37.32323999398521,-121.96421300389291
5406,San Tomas Expy & Moorpark Ave,San Jose (extrapolated),2014,14:00-16:00,,,,,,,,,,,,,5.5,5.5,5.5,5.5,,,,,37.31596199637271,-121.96410099724409
5408,San Tomas Expy & Scott Blvd,Santa Clara (extrapolated),2014,14:00-16:00,,,,,,,,,,,,,5,5,5,5,,,,,37.378382998854754,-121.9657399964019
5414,San Tomas Exp. & Monroe St.,Santa Clara (extrapolated),2014,14:00-16:00,,,,,,,,,,,,,19.5,19.5,19.5,19.5,,,,,37.36347399598569,-121.9669290090179
5416,San Tomas Exp. & State Hwy 82,Santa Clara (extrapolated),2014,14:00-16:00,,,,,,,,,,,,,11.75,11.75,11.75,11.75,,,,,37.35230999527463,-121.9687229861401
5419,San Tomas Exp. & Homestead Rd.,Santa Clara (extrapolated),2014,14:00-16:00,,,,,,,,,,,,,12,12,12,12,,,,,37.34058699703642,-121.969794991033
5422,San Tomas Exp. & Saratoga Av.,Santa Clara (extrapolated),2014,14:00-16:00,,,,,,,,,,,,,7.25,7.25,7.25,7.25,,,,,37.327441001963884,-121.96644200942625
5429,San Tomas Exp. & Hamilton Av.,Campbell (extrapolated),2014,14:00-16:00,,,,,,,,,,,,,3.5,3.5,3.5,3.5,,,,,37.29431200802049,-121.96086301297346
5430,San Tomas Exp. & Campbell Av.,Campbell (extrapolated),2014,14:00-16:00,,,,,,,,,,,,,3.5,3.5,3.5,3.5,,,,,37.286984001313726,-121.96073599360435
5432,San Tomas Exp. & Camden Ave,Campbell (extrapolated),2014,14:00-16:00,,,,,,,,,,,,,7.25,7.25,7.25,7.25,,,,,37.27115400382925,-121.94784299350785
5433,1301 Camden Ave,Campbell (extrapolated),2014,14:00-16:00,,,,,,,,,,,,,7,7,7,7,,,,,37.26989732584065,-121.94603671469918
5505,Almaden Exp. & Koch Ln.,San Jose (extrapolated),2014,14:00-16:00,,,,,,,,,,,,,0.75,0.75,0.75,0.75,,,,,37.282816995197464,-121.8823199981359
5512,Almaden Exp. & Branham Ln.,San Jose (extrapolated),2014,14:00-16:00,,,,,,,,,,,,,11,11,11,11,,,,,37.262921001665525,-121.87676200344957
5513,Almaden Exp. & Blossom Hill Rd.,San Jose (extrapolated),2014,14:00-16:00,,,,,,,,,,,,,20.25,20.25,20.25,20.25,,,,,37.25090000417416,-121.87543199148024
5516,Almaden Exp. & Coleman Rd.,San Jose (extrapolated),2014,14:00-16:00,,,,,,,,,,,,,23.75,23.75,23.75,23.75,,,,,37.24251899524296,-121.87497199887677
5520,Almaden Exp. & Camden Av.,San Jose (extrapolated),2014,14:00-16:00,,,,,,,,,,,,,19,19,19,19,,,,,37.221643007201344,-121.86241300238781
5522,14598 Almaden Expy,San Jose (extrapolated),2014,14:00-16:00,,,,,,,,,,,,,11.25,11.25,11.25,11.25,,,,,37.25696520677018,-121.8758660747994
5523,Emporium Way & Almaden Expy,San Jose (extrapolated),2014,14:00-16:00,,,,,,,,,,,,,3.75,3.75,3.75,3.75,,,,,37.25427500032122,-121.87577900853559
5603,Lawrence Exp. & Tasman Dr.,Sunnyvale (extrapolated),2014,14:00-16:00,,,,,,,,,,,,,5.75,5.75,5.75,5.75,,,,,37.4035099993562,-121.99595400225992
5611,Lawrence Exp. & Arques Av.,Sunnyvale (extrapolated),2014,14:00-16:00,,,,,,,,,,,,,10,10,10,10,,,,,37.38044599100302,-121.99598200419757
5613,Lawrence Exp. & Monroe St,Sunnyvale (extrapolated),2014,14:00-16:00,,,,,,,,,,,,,9.5,9.5,9.5,9.5,,,,,37.36685399284255,-121.9962290069338
5625,Lawrence Exp. & Homestead Rd.,Sunnyvale (extrapolated),2014,14:00-16:00,,,,,,,,,,,,,9.75,9.75,9.75,9.75,,,,,37.337795005296876,-121.9958019903612
5633,Lawrence Exp. & Moorpark Ave,San Jose (extrapolated),2014,14:00-16:00,,,,,,,,,,,,,22,22,22,22,,,,,37.3096349985832,-121.9961830049235
5635,Lawrence Exp. & Prospect Rd.,San Jose (extrapolated),2014,14:00-16:00,,,,,,,,,,,,,9.5,9.5,9.5,9.5,,,,,37.29249800581775,-121.9976129941379
5636,Lawrence Exp. & I 280,San Jose (extrapolated),2014,14:00-16:00,,,,,,,,,,,,,1,1,1,1,,,,,37.320324474733404,-121.99553436701217
5640,Lawrence Exp. & Saratoga Av.,San Jose (extrapolated),2014,14:00-16:00,,,,,,,,,,,,,5.25,5.25,5.25,5.25,,,,,37.28942700296988,-121.99474899223152
5711,Capitol Exp. & Narvaez Avenue,San Jose (extrapolated),2014,14:00-16:00,,,,,,,,,,,,,16,16,16,16,,,,,37.27453600327221,-121.86031900722774
5713,700 W Capitol Exp,San Jose (extrapolated),2014,14:00-16:00,,,,,,,,,,,,,7.75,7.75,7.75,7.75,,,,,37.27455089825967,-121.86369176115915
5715,Capitol Exp. & Snell Rd.,San Jose (extrapolated),2014,14:00-16:00,,,,,,,,,,,,,7.25,7.25,7.25,7.25,,,,,37.276961004778066,-121.8419950064469
5720,Capitol Exp. & Senter Rd.,San Jose (extrapolated),2014,14:00-16:00,,,,,,,,,,,,,46.75,46.75,46.75,46.75,,,,,37.293479009563654,-121.83334499369242
5721,Capitol Exp. & McLaughlin Av.,San Jose (extrapolated),2014,14:00-16:00,,,,,,,,,,,,,17.75,17.75,17.75,17.75,,,,,37.30038100806716,-121.82110100786063
5723,Capitol Exp. & Silver Creek Rd.,San Jose (extrapolated),2014,14:00-16:00,,,,,,,,,,,,,37.75,37.75,37.75,37.75,,,,,37.30710900973658,-121.81098999653744
5724,Capitol Exp. & Aborn Rd.,San Jose (extrapolated),2014,14:00-16:00,,,,,,,,,,,,,19.25,19.25,19.25,19.25,,,,,37.311337992854135,-121.8082670076935
5725,Capitol Exp. & Quimby Rd.,San Jose (extrapolated),2014,14:00-16:00,,,,,,,,,,,,,11,11,11,11,,,,,37.323892996085675,-121.80857899847423
5727,Capitol Exp. & Tully Rd.,San Jose (extrapolated),2014,14:00-16:00,,,,,,,,,,,,,8,8,8,8,,,,,37.331264996156825,-121.81295399890304
5732,Capitol Exp. & Story Rd.,San Jose (extrapolated),2014,14:00-16:00,,,,,,,,,,,,,29,29,29,29,,,,,37.3508710069393,-121.82705999479805
5734,S Capitol Ave & Capitol Expy,San Jose (extrapolated),2014,14:00-16:00,,,,,,,,,,,,,12.25,12.25,12.25,12.25,,,,,37.355215004345794,-121.83083699899001
5801,Montague Expy & Oakland Rd,Milpitas/San Jose (extrapolated),2014,14:00-16:00,,,,,,,,,,,,,4.5,4.5,4.5,4.5,,,,,37.4042690067908,-121.90287000404837
5802,Montague Expy & Trade Zone Blvd,Milpitas/San Jose (extrapolated),2014,14:00-16:00,,,,,,,,,,,,,4.5,4.5,4.5,4.5,,,,,37.40426800701168,-121.8978250086102
5803,Montague Exp. & Capitol Av.,Milpitas (extrapolated),2014,14:00-16:00,,,,,,,,,,,,,11,11,11,11,,,,,37.41018099551389,-121.89429100848979
5804,Montague Exp. & Milpitas Blvd.,Milpitas (extrapolated),2014,14:00-16:00,,,,,,,,,,,,,1.25,1.25,1.25,1.25,,,,,37.41252900308221,-121.88679299271247
5805,Montague Exp. & Mission College Blvd.,Santa Clara (extrapolated),2014,14:00-16:00,,,,,,,,,,,,,7,7,7,7,,,,,37.38681899346002,-121.96077899973272
5806,Montague Exp. & De la Cruz Blvd.,Santa Clara (extrapolated),2014,14:00-16:00,,,,,,,,,,,,,31.25,31.25,31.25,31.25,,,,,37.393077996640294,-121.94709599404271
5807,Montague Expy & N First St,San Jose (extrapolated),2014,14:00-16:00,,,,,,,,,,,,,2,2,2,2,,,,,37.39740600093968,-121.93632199393912
5808,Montague Exp. & Trimble Rd.,San Jose (extrapolated),2014,14:00-16:00,,,,,,,,,,,,,0.5,0.5,0.5,0.5,,,,,37.393449720346055,-121.91942809259814
5809,Montague Exp & McCarthy Blvd,Milpitas/San Jose (extrapolated),2014,14:00-16:00,,,,,,,,,,,,,2.75,2.75,2.75,2.75,,,,,37.39809600504864,-121.91308300745558
5812,Montague Exp. & Zanker Rd.,San Jose (extrapolated),2014,14:00-16:00,,,,,,,,,,,,,0.75,0.75,0.75,0.75,,,,,37.39897499810056,-121.93216899701399
3012,State Hwy 87 & Coleman Ave,San Jose (extrapolated),2014,14:00-16:00,,,,,,,,,,,,,0,0,0,0,,,,,37.3418440030982,-121.90090900384006
3100,W Hedding St & State Hwy 87,San Jose (extrapolated),2014,14:00-16:00,,,,,,,,,,,,,0,0,0,0,,,,,37.350365005251646,-121.90935801298178
3101,W Taylor St & State Hwy 87,San Jose (extrapolated),2014,14:00-16:00,,,,,,,,,,,,,0,0,0,0,,,,,37.34670599126889,-121.90464599334554
