http://www.spokaneengineering.org/wp-content/uploads/2010/09/Chapter-3-Existing-Conditions.pdf,47.671745/-117.411146,Spokane (extrapolated),2010,07:30-08:30,,,,,,,,,,,,,1.75,1.75,1.75,1.75,,,,,47.671745,-117.411146
http://www.spokaneengineering.org/wp-content/uploads/2010/09/Chapter-3-Existing-Conditions.pdf,47.671745/-117.411146,Spokane (extrapolated),2010,16:30-17:30,,,,,,,,,,,,,1.5,1.5,1.5,1.5,,,,,47.671745,-117.411146
http://www.spokaneengineering.org/wp-content/uploads/2010/09/Chapter-3-Existing-Conditions.pdf,47.671716/-117.409558,Spokane (extrapolated),2010,07:30-08:30,,,,,,,,,,,,,0.25,0.25,0.25,0.25,,,,,47.671716,-117.409558
http://www.spokaneengineering.org/wp-content/uploads/2010/09/Chapter-3-Existing-Conditions.pdf,47.671716/-117.409558,Spokane (extrapolated),2010,16:30-17:30,,,,,,,,,,,,,0,0,0,0,,,,,47.671716,-117.409558
http://www.spokaneengineering.org/wp-content/uploads/2010/09/Chapter-3-Existing-Conditions.pdf,47.671709/-117.396555,Spokane (extrapolated),2010,07:30-08:30,,,,,,,,,,,,,13,13,13,13,,,,,47.671709,-117.396555
http://www.spokaneengineering.org/wp-content/uploads/2010/09/Chapter-3-Existing-Conditions.pdf,47.671709/-117.396555,Spokane (extrapolated),2010,16:30-17:30,,,,,,,,,,,,,4.25,4.25,4.25,4.25,,,,,47.671709,-117.396555
http://www.spokaneengineering.org/wp-content/uploads/2010/09/Chapter-3-Existing-Conditions.pdf,47.671731/-117.390311,Spokane (extrapolated),2010,07:30-08:30,,,,,,,,,,,,,3.125,3.125,3.125,3.125,,,,,47.671731,-117.390311
http://www.spokaneengineering.org/wp-content/uploads/2010/09/Chapter-3-Existing-Conditions.pdf,47.671731/-117.390311,Spokane (extrapolated),2010,16:30-17:30,,,,,,,,,,,,,2.25,2.25,2.25,2.25,,,,,47.671731,-117.390311
http://www.spokaneengineering.org/wp-content/uploads/2010/09/Chapter-3-Existing-Conditions.pdf,47.669491/-117.411146,Spokane (extrapolated),2010,07:30-08:30,,,,,,,,,,,,,1.5,1.5,1.5,1.5,,,,,47.669491,-117.411146
http://www.spokaneengineering.org/wp-content/uploads/2010/09/Chapter-3-Existing-Conditions.pdf,47.669491/-117.411146,Spokane (extrapolated),2010,16:30-17:30,,,,,,,,,,,,,0,0,0,0,,,,,47.669491,-117.411146
http://www.spokaneengineering.org/wp-content/uploads/2010/09/Chapter-3-Existing-Conditions.pdf,47.669462/-117.409515,Spokane (extrapolated),2010,07:30-08:30,,,,,,,,,,,,,1,1,1,1,,,,,47.669462,-117.409515
http://www.spokaneengineering.org/wp-content/uploads/2010/09/Chapter-3-Existing-Conditions.pdf,47.669462/-117.409515,Spokane (extrapolated),2010,16:30-17:30,,,,,,,,,,,,,0,0,0,0,,,,,47.669462,-117.409515
http://www.spokaneengineering.org/wp-content/uploads/2010/09/Chapter-3-Existing-Conditions.pdf,47.669491/-117.404709,Spokane (extrapolated),2010,07:30-08:30,,,,,,,,,,,,,19.125,19.125,19.125,19.125,,,,,47.669491,-117.404709
http://www.spokaneengineering.org/wp-content/uploads/2010/09/Chapter-3-Existing-Conditions.pdf,47.669491/-117.404709,Spokane (extrapolated),2010,16:30-17:30,,,,,,,,,,,,,15.5,15.5,15.5,15.5,,,,,47.669491,-117.404709
http://www.spokaneengineering.org/wp-content/uploads/2010/09/Chapter-3-Existing-Conditions.pdf,47.669462/-117.402906,Spokane (extrapolated),2010,07:30-08:30,,,,,,,,,,,,,19.25,19.25,19.25,19.25,,,,,47.669462,-117.402906
http://www.spokaneengineering.org/wp-content/uploads/2010/09/Chapter-3-Existing-Conditions.pdf,47.669462/-117.402906,Spokane (extrapolated),2010,16:30-17:30,,,,,,,,,,,,,16,16,16,16,,,,,47.669462,-117.402906
http://www.spokaneengineering.org/wp-content/uploads/2010/09/Chapter-3-Existing-Conditions.pdf,47.669520/-117.401404,Spokane (extrapolated),2010,07:30-08:30,,,,,,,,,,,,,35.5,35.5,35.5,35.5,,,,,47.669520,-117.401404
http://www.spokaneengineering.org/wp-content/uploads/2010/09/Chapter-3-Existing-Conditions.pdf,47.669520/-117.401404,Spokane (extrapolated),2010,16:30-17:30,,,,,,,,,,,,,25,25,25,25,,,,,47.669520,-117.401404
http://www.spokaneengineering.org/wp-content/uploads/2010/09/Chapter-3-Existing-Conditions.pdf,47.669549/-117.399817,Spokane (extrapolated),2010,07:30-08:30,,,,,,,,,,,,,23.125,23.125,23.125,23.125,,,,,47.669549,-117.399817
http://www.spokaneengineering.org/wp-content/uploads/2010/09/Chapter-3-Existing-Conditions.pdf,47.669549/-117.399817,Spokane (extrapolated),2010,16:30-17:30,,,,,,,,,,,,,18.5,18.5,18.5,18.5,,,,,47.669549,-117.399817
http://www.spokaneengineering.org/wp-content/uploads/2010/09/Chapter-3-Existing-Conditions.pdf,47.669491/-117.396555,Spokane (extrapolated),2010,07:30-08:30,,,,,,,,,,,,,16,16,16,16,,,,,47.669491,-117.396555
http://www.spokaneengineering.org/wp-content/uploads/2010/09/Chapter-3-Existing-Conditions.pdf,47.669491/-117.396555,Spokane (extrapolated),2010,16:30-17:30,,,,,,,,,,,,,5,5,5,5,,,,,47.669491,-117.396555
http://www.spokaneengineering.org/wp-content/uploads/2010/09/Chapter-3-Existing-Conditions.pdf,47.667988/-117.436981,Spokane (extrapolated),2010,07:30-08:30,,,,,,,,,,,,,8.125,8.125,8.125,8.125,,,,,47.667988,-117.436981
http://www.spokaneengineering.org/wp-content/uploads/2010/09/Chapter-3-Existing-Conditions.pdf,47.667988/-117.436981,Spokane (extrapolated),2010,16:30-17:30,,,,,,,,,,,,,4.5,4.5,4.5,4.5,,,,,47.667988,-117.436981
http://www.spokaneengineering.org/wp-content/uploads/2010/09/Chapter-3-Existing-Conditions.pdf,47.667988/-117.435565,Spokane (extrapolated),2010,07:30-08:30,,,,,,,,,,,,,5.75,5.75,5.75,5.75,,,,,47.667988,-117.435565
http://www.spokaneengineering.org/wp-content/uploads/2010/09/Chapter-3-Existing-Conditions.pdf,47.667988/-117.435565,Spokane (extrapolated),2010,16:30-17:30,,,,,,,,,,,,,6.75,6.75,6.75,6.75,,,,,47.667988,-117.435565
http://www.spokaneengineering.org/wp-content/uploads/2010/09/Chapter-3-Existing-Conditions.pdf,47.667988/-117.426639,Spokane (extrapolated),2010,07:30-08:30,,,,,,,,,,,,,9.125,9.125,9.125,9.125,,,,,47.667988,-117.426639
http://www.spokaneengineering.org/wp-content/uploads/2010/09/Chapter-3-Existing-Conditions.pdf,47.667988/-117.426639,Spokane (extrapolated),2010,16:30-17:30,,,,,,,,,,,,,7,7,7,7,,,,,47.667988,-117.426639
http://www.spokaneengineering.org/wp-content/uploads/2010/09/Chapter-3-Existing-Conditions.pdf,47.668046/-117.425094,Spokane (extrapolated),2010,07:30-08:30,,,,,,,,,,,,,3,3,3,3,,,,,47.668046,-117.425094
http://www.spokaneengineering.org/wp-content/uploads/2010/09/Chapter-3-Existing-Conditions.pdf,47.668046/-117.425094,Spokane (extrapolated),2010,16:30-17:30,,,,,,,,,,,,,2,2,2,2,,,,,47.668046,-117.425094
http://www.spokaneengineering.org/wp-content/uploads/2010/09/Chapter-3-Existing-Conditions.pdf,47.668046/-117.421103,Spokane (extrapolated),2010,07:30-08:30,,,,,,,,,,,,,9.625,9.625,9.625,9.625,,,,,47.668046,-117.421103
http://www.spokaneengineering.org/wp-content/uploads/2010/09/Chapter-3-Existing-Conditions.pdf,47.668046/-117.421103,Spokane (extrapolated),2010,16:30-17:30,,,,,,,,,,,,,12,12,12,12,,,,,47.668046,-117.421103
http://www.spokaneengineering.org/wp-content/uploads/2010/09/Chapter-3-Existing-Conditions.pdf,47.668090/-117.417305,Spokane (extrapolated),2010,07:30-08:30,,,,,,,,,,,,,9.125,9.125,9.125,9.125,,,,,47.668090,-117.417305
http://www.spokaneengineering.org/wp-content/uploads/2010/09/Chapter-3-Existing-Conditions.pdf,47.668090/-117.417305,Spokane (extrapolated),2010,16:30-17:30,,,,,,,,,,,,,4.75,4.75,4.75,4.75,,,,,47.668090,-117.417305
http://www.spokaneengineering.org/wp-content/uploads/2010/09/Chapter-3-Existing-Conditions.pdf,47.665243/-117.426596,Spokane (extrapolated),2010,07:30-08:30,,,,,,,,,,,,,24.375,24.375,24.375,24.375,,,,,47.665243,-117.426596
http://www.spokaneengineering.org/wp-content/uploads/2010/09/Chapter-3-Existing-Conditions.pdf,47.665243/-117.426596,Spokane (extrapolated),2010,16:30-17:30,,,,,,,,,,,,,19.75,19.75,19.75,19.75,,,,,47.665243,-117.426596
http://www.spokaneengineering.org/wp-content/uploads/2010/09/Chapter-3-Existing-Conditions.pdf,47.665243/-117.425094,Spokane (extrapolated),2010,07:30-08:30,,,,,,,,,,,,,4,4,4,4,,,,,47.665243,-117.425094
http://www.spokaneengineering.org/wp-content/uploads/2010/09/Chapter-3-Existing-Conditions.pdf,47.665243/-117.425094,Spokane (extrapolated),2010,16:30-17:30,,,,,,,,,,,,,4,4,4,4,,,,,47.665243,-117.425094
http://www.spokaneengineering.org/wp-content/uploads/2010/09/Chapter-3-Existing-Conditions.pdf,47.664289/-117.436895,Spokane (extrapolated),2010,07:30-08:30,,,,,,,,,,,,,5.375,5.375,5.375,5.375,,,,,47.664289,-117.436895
http://www.spokaneengineering.org/wp-content/uploads/2010/09/Chapter-3-Existing-Conditions.pdf,47.664289/-117.436895,Spokane (extrapolated),2010,16:30-17:30,,,,,,,,,,,,,3.5,3.5,3.5,3.5,,,,,47.664289,-117.436895
http://www.spokaneengineering.org/wp-content/uploads/2010/09/Chapter-3-Existing-Conditions.pdf,47.664318/-117.429729,Spokane (extrapolated),2010,07:30-08:30,,,,,,,,,,,,,40.25,40.25,40.25,40.25,,,,,47.664318,-117.429729
http://www.spokaneengineering.org/wp-content/uploads/2010/09/Chapter-3-Existing-Conditions.pdf,47.664318/-117.429729,Spokane (extrapolated),2010,16:30-17:30,,,,,,,,,,,,,49.25,49.25,49.25,49.25,,,,,47.664318,-117.429729
http://www.spokaneengineering.org/wp-content/uploads/2010/09/Chapter-3-Existing-Conditions.pdf,47.664390/-117.426617,Spokane (extrapolated),2010,07:30-08:30,,,,,,,,,,,,,14.875,14.875,14.875,14.875,,,,,47.664390,-117.426617
http://www.spokaneengineering.org/wp-content/uploads/2010/09/Chapter-3-Existing-Conditions.pdf,47.664390/-117.426617,Spokane (extrapolated),2010,16:30-17:30,,,,,,,,,,,,,9.75,9.75,9.75,9.75,,,,,47.664390,-117.426617
http://www.spokaneengineering.org/wp-content/uploads/2010/09/Chapter-3-Existing-Conditions.pdf,47.664361/-117.425051,Spokane (extrapolated),2010,07:30-08:30,,,,,,,,,,,,,7.75,7.75,7.75,7.75,,,,,47.664361,-117.425051
http://www.spokaneengineering.org/wp-content/uploads/2010/09/Chapter-3-Existing-Conditions.pdf,47.664361/-117.425051,Spokane (extrapolated),2010,16:30-17:30,,,,,,,,,,,,,6.25,6.25,6.25,6.25,,,,,47.664361,-117.425051
http://www.spokaneengineering.org/wp-content/uploads/2010/09/Chapter-3-Existing-Conditions.pdf,47.664983/-117.417498,Spokane (extrapolated),2010,07:30-08:30,,,,,,,,,,,,,5.375,5.375,5.375,5.375,,,,,47.664983,-117.417498
http://www.spokaneengineering.org/wp-content/uploads/2010/09/Chapter-3-Existing-Conditions.pdf,47.664983/-117.417498,Spokane (extrapolated),2010,16:30-17:30,,,,,,,,,,,,,4.5,4.5,4.5,4.5,,,,,47.664983,-117.417498
http://www.spokaneengineering.org/wp-content/uploads/2010/09/Chapter-3-Existing-Conditions.pdf,47.664087/-117.411189,Spokane (extrapolated),2010,07:30-08:30,,,,,,,,,,,,,1.25,1.25,1.25,1.25,,,,,47.664087,-117.411189
http://www.spokaneengineering.org/wp-content/uploads/2010/09/Chapter-3-Existing-Conditions.pdf,47.664087/-117.411189,Spokane (extrapolated),2010,16:30-17:30,,,,,,,,,,,,,2.5,2.5,2.5,2.5,,,,,47.664087,-117.411189
http://www.spokaneengineering.org/wp-content/uploads/2010/09/Chapter-3-Existing-Conditions.pdf,47.661283/-117.403121,Spokane (extrapolated),2010,07:30-08:30,,,,,,,,,,,,,8.5,8.5,8.5,8.5,,,,,47.661283,-117.403121
http://www.spokaneengineering.org/wp-content/uploads/2010/09/Chapter-3-Existing-Conditions.pdf,47.661283/-117.403121,Spokane (extrapolated),2010,16:30-17:30,,,,,,,,,,,,,5.25,5.25,5.25,5.25,,,,,47.661283,-117.403121
http://www.spokaneengineering.org/wp-content/uploads/2010/09/Chapter-3-Existing-Conditions.pdf,47.661832/-117.396512,Spokane (extrapolated),2010,07:30-08:30,,,,,,,,,,,,,3,3,3,3,,,,,47.661832,-117.396512
http://www.spokaneengineering.org/wp-content/uploads/2010/09/Chapter-3-Existing-Conditions.pdf,47.661832/-117.396512,Spokane (extrapolated),2010,16:30-17:30,,,,,,,,,,,,,4,4,4,4,,,,,47.661832,-117.396512
http://www.spokaneengineering.org/wp-content/uploads/2010/09/Chapter-3-Existing-Conditions.pdf,47.660055/-117.426596,Spokane (extrapolated),2010,07:30-08:30,,,,,,,,,,,,,9.5,9.5,9.5,9.5,,,,,47.660055,-117.426596
http://www.spokaneengineering.org/wp-content/uploads/2010/09/Chapter-3-Existing-Conditions.pdf,47.660055/-117.426596,Spokane (extrapolated),2010,16:30-17:30,,,,,,,,,,,,,9,9,9,9,,,,,47.660055,-117.426596
http://www.spokaneengineering.org/wp-content/uploads/2010/09/Chapter-3-Existing-Conditions.pdf,47.660055/-117.424986,Spokane (extrapolated),2010,07:30-08:30,,,,,,,,,,,,,9.75,9.75,9.75,9.75,,,,,47.660055,-117.424986
http://www.spokaneengineering.org/wp-content/uploads/2010/09/Chapter-3-Existing-Conditions.pdf,47.660055/-117.424986,Spokane (extrapolated),2010,16:30-17:30,,,,,,,,,,,,,10,10,10,10,,,,,47.660055,-117.424986
http://www.spokaneengineering.org/wp-content/uploads/2010/09/Chapter-3-Existing-Conditions.pdf,47.660113/-117.423484,Spokane (extrapolated),2010,07:30-08:30,,,,,,,,,,,,,37.875,37.875,37.875,37.875,,,,,47.660113,-117.423484
http://www.spokaneengineering.org/wp-content/uploads/2010/09/Chapter-3-Existing-Conditions.pdf,47.660113/-117.423484,Spokane (extrapolated),2010,16:30-17:30,,,,,,,,,,,,,17,17,17,17,,,,,47.660113,-117.423484
http://www.spokaneengineering.org/wp-content/uploads/2010/09/Chapter-3-Existing-Conditions.pdf,47.660141/-117.422090,Spokane (extrapolated),2010,07:30-08:30,,,,,,,,,,,,,24.375,24.375,24.375,24.375,,,,,47.660141,-117.422090
http://www.spokaneengineering.org/wp-content/uploads/2010/09/Chapter-3-Existing-Conditions.pdf,47.660141/-117.422090,Spokane (extrapolated),2010,16:30-17:30,,,,,,,,,,,,,12,12,12,12,,,,,47.660141,-117.422090
http://www.spokaneengineering.org/wp-content/uploads/2010/09/Chapter-3-Existing-Conditions.pdf,47.660170/-117.421081,Spokane (extrapolated),2010,07:30-08:30,,,,,,,,,,,,,21.875,21.875,21.875,21.875,,,,,47.660170,-117.421081
http://www.spokaneengineering.org/wp-content/uploads/2010/09/Chapter-3-Existing-Conditions.pdf,47.660170/-117.421081,Spokane (extrapolated),2010,16:30-17:30,,,,,,,,,,,,,13.75,13.75,13.75,13.75,,,,,47.660170,-117.421081
http://www.spokaneengineering.org/wp-content/uploads/2010/09/Chapter-3-Existing-Conditions.pdf,47.660170/-117.419600,Spokane (extrapolated),2010,07:30-08:30,,,,,,,,,,,,,12.625,12.625,12.625,12.625,,,,,47.660170,-117.419600
http://www.spokaneengineering.org/wp-content/uploads/2010/09/Chapter-3-Existing-Conditions.pdf,47.660170/-117.419600,Spokane (extrapolated),2010,16:30-17:30,,,,,,,,,,,,,8.25,8.25,8.25,8.25,,,,,47.660170,-117.419600
http://www.spokaneengineering.org/wp-content/uploads/2010/09/Chapter-3-Existing-Conditions.pdf,47.660156/-117.418056,Spokane (extrapolated),2010,07:30-08:30,,,,,,,,,,,,,6.625,6.625,6.625,6.625,,,,,47.660156,-117.418056
http://www.spokaneengineering.org/wp-content/uploads/2010/09/Chapter-3-Existing-Conditions.pdf,47.660156/-117.418056,Spokane (extrapolated),2010,16:30-17:30,,,,,,,,,,,,,3.75,3.75,3.75,3.75,,,,,47.660156,-117.418056
http://www.spokaneengineering.org/wp-content/uploads/2010/09/Chapter-3-Existing-Conditions.pdf,47.660113/-117.416017,Spokane (extrapolated),2010,07:30-08:30,,,,,,,,,,,,,5.375,5.375,5.375,5.375,,,,,47.660113,-117.416017
http://www.spokaneengineering.org/wp-content/uploads/2010/09/Chapter-3-Existing-Conditions.pdf,47.660113/-117.416017,Spokane (extrapolated),2010,16:30-17:30,,,,,,,,,,,,,2.75,2.75,2.75,2.75,,,,,47.660113,-117.416017
http://www.spokaneengineering.org/wp-content/uploads/2010/09/Chapter-3-Existing-Conditions.pdf,47.660156/-117.413270,Spokane (extrapolated),2010,07:30-08:30,,,,,,,,,,,,,2.625,2.625,2.625,2.625,,,,,47.660156,-117.413270
http://www.spokaneengineering.org/wp-content/uploads/2010/09/Chapter-3-Existing-Conditions.pdf,47.660156/-117.413270,Spokane (extrapolated),2010,16:30-17:30,,,,,,,,,,,,,2.5,2.5,2.5,2.5,,,,,47.660156,-117.413270
http://www.spokaneengineering.org/wp-content/uploads/2010/09/Chapter-3-Existing-Conditions.pdf,47.660199/-117.411125,Spokane (extrapolated),2010,07:30-08:30,,,,,,,,,,,,,1.5,1.5,1.5,1.5,,,,,47.660199,-117.411125
http://www.spokaneengineering.org/wp-content/uploads/2010/09/Chapter-3-Existing-Conditions.pdf,47.660199/-117.411125,Spokane (extrapolated),2010,16:30-17:30,,,,,,,,,,,,,2,2,2,2,,,,,47.660199,-117.411125
http://www.spokaneengineering.org/wp-content/uploads/2010/09/Chapter-3-Existing-Conditions.pdf,47.660214/-117.409172,Spokane (extrapolated),2010,07:30-08:30,,,,,,,,,,,,,1.125,1.125,1.125,1.125,,,,,47.660214,-117.409172
http://www.spokaneengineering.org/wp-content/uploads/2010/09/Chapter-3-Existing-Conditions.pdf,47.660214/-117.409172,Spokane (extrapolated),2010,16:30-17:30,,,,,,,,,,,,,2.25,2.25,2.25,2.25,,,,,47.660214,-117.409172
http://www.spokaneengineering.org/wp-content/uploads/2010/09/Chapter-3-Existing-Conditions.pdf,47.660228/-117.405803,Spokane (extrapolated),2010,07:30-08:30,,,,,,,,,,,,,14.25,14.25,14.25,14.25,,,,,47.660228,-117.405803
http://www.spokaneengineering.org/wp-content/uploads/2010/09/Chapter-3-Existing-Conditions.pdf,47.660228/-117.405803,Spokane (extrapolated),2010,16:30-17:30,,,,,,,,,,,,,9.75,9.75,9.75,9.75,,,,,47.660228,-117.405803
http://www.spokaneengineering.org/wp-content/uploads/2010/09/Chapter-3-Existing-Conditions.pdf,47.660402/-117.403979,Spokane (extrapolated),2010,07:30-08:30,,,,,,,,,,,,,0.75,0.75,0.75,0.75,,,,,47.660402,-117.403979
http://www.spokaneengineering.org/wp-content/uploads/2010/09/Chapter-3-Existing-Conditions.pdf,47.660402/-117.403979,Spokane (extrapolated),2010,16:30-17:30,,,,,,,,,,,,,0.75,0.75,0.75,0.75,,,,,47.660402,-117.403979
http://www.spokaneengineering.org/wp-content/uploads/2010/09/Chapter-3-Existing-Conditions.pdf,47.659072/-117.426531,Spokane (extrapolated),2010,07:30-08:30,,,,,,,,,,,,,29.375,29.375,29.375,29.375,,,,,47.659072,-117.426531
http://www.spokaneengineering.org/wp-content/uploads/2010/09/Chapter-3-Existing-Conditions.pdf,47.659072/-117.426531,Spokane (extrapolated),2010,16:30-17:30,,,,,,,,,,,,,18.75,18.75,18.75,18.75,,,,,47.659072,-117.426531
http://www.spokaneengineering.org/wp-content/uploads/2010/09/Chapter-3-Existing-Conditions.pdf,47.659014/-117.425029,Spokane (extrapolated),2010,07:30-08:30,,,,,,,,,,,,,33,33,33,33,,,,,47.659014,-117.425029
http://www.spokaneengineering.org/wp-content/uploads/2010/09/Chapter-3-Existing-Conditions.pdf,47.659014/-117.425029,Spokane (extrapolated),2010,16:30-17:30,,,,,,,,,,,,,19.25,19.25,19.25,19.25,,,,,47.659014,-117.425029
http://www.spokaneengineering.org/wp-content/uploads/2010/09/Chapter-3-Existing-Conditions.pdf,47.659014/-117.423484,Spokane (extrapolated),2010,07:30-08:30,,,,,,,,,,,,,48.25,48.25,48.25,48.25,,,,,47.659014,-117.423484
http://www.spokaneengineering.org/wp-content/uploads/2010/09/Chapter-3-Existing-Conditions.pdf,47.659014/-117.423484,Spokane (extrapolated),2010,16:30-17:30,,,,,,,,,,,,,19.5,19.5,19.5,19.5,,,,,47.659014,-117.423484
http://www.spokaneengineering.org/wp-content/uploads/2010/09/Chapter-3-Existing-Conditions.pdf,47.659043/-117.422068,Spokane (extrapolated),2010,07:30-08:30,,,,,,,,,,,,,33.625,33.625,33.625,33.625,,,,,47.659043,-117.422068
http://www.spokaneengineering.org/wp-content/uploads/2010/09/Chapter-3-Existing-Conditions.pdf,47.659043/-117.422068,Spokane (extrapolated),2010,16:30-17:30,,,,,,,,,,,,,14,14,14,14,,,,,47.659043,-117.422068
http://www.spokaneengineering.org/wp-content/uploads/2010/09/Chapter-3-Existing-Conditions.pdf,47.659043/-117.421060,Spokane (extrapolated),2010,07:30-08:30,,,,,,,,,,,,,61.875,61.875,61.875,61.875,,,,,47.659043,-117.421060
http://www.spokaneengineering.org/wp-content/uploads/2010/09/Chapter-3-Existing-Conditions.pdf,47.659043/-117.421060,Spokane (extrapolated),2010,16:30-17:30,,,,,,,,,,,,,28.5,28.5,28.5,28.5,,,,,47.659043,-117.421060
http://www.spokaneengineering.org/wp-content/uploads/2010/09/Chapter-3-Existing-Conditions.pdf,47.659043/-117.419579,Spokane (extrapolated),2010,07:30-08:30,,,,,,,,,,,,,27.625,27.625,27.625,27.625,,,,,47.659043,-117.419579
http://www.spokaneengineering.org/wp-content/uploads/2010/09/Chapter-3-Existing-Conditions.pdf,47.659043/-117.419579,Spokane (extrapolated),2010,16:30-17:30,,,,,,,,,,,,,7.5,7.5,7.5,7.5,,,,,47.659043,-117.419579
http://www.spokaneengineering.org/wp-content/uploads/2010/09/Chapter-3-Existing-Conditions.pdf,47.659057/-117.418098,Spokane (extrapolated),2010,07:30-08:30,,,,,,,,,,,,,20.75,20.75,20.75,20.75,,,,,47.659057,-117.418098
http://www.spokaneengineering.org/wp-content/uploads/2010/09/Chapter-3-Existing-Conditions.pdf,47.659057/-117.418098,Spokane (extrapolated),2010,16:30-17:30,,,,,,,,,,,,,8.75,8.75,8.75,8.75,,,,,47.659057,-117.418098
http://www.spokaneengineering.org/wp-content/uploads/2010/09/Chapter-3-Existing-Conditions.pdf,47.659072/-117.416017,Spokane (extrapolated),2010,07:30-08:30,,,,,,,,,,,,,23.625,23.625,23.625,23.625,,,,,47.659072,-117.416017
http://www.spokaneengineering.org/wp-content/uploads/2010/09/Chapter-3-Existing-Conditions.pdf,47.659072/-117.416017,Spokane (extrapolated),2010,16:30-17:30,,,,,,,,,,,,,11.75,11.75,11.75,11.75,,,,,47.659072,-117.416017
http://www.spokaneengineering.org/wp-content/uploads/2010/09/Chapter-3-Existing-Conditions.pdf,47.659072/-117.413313,Spokane (extrapolated),2010,07:30-08:30,,,,,,,,,,,,,5.25,5.25,5.25,5.25,,,,,47.659072,-117.413313
http://www.spokaneengineering.org/wp-content/uploads/2010/09/Chapter-3-Existing-Conditions.pdf,47.659072/-117.413313,Spokane (extrapolated),2010,16:30-17:30,,,,,,,,,,,,,7.75,7.75,7.75,7.75,,,,,47.659072,-117.413313
http://www.spokaneengineering.org/wp-content/uploads/2010/09/Chapter-3-Existing-Conditions.pdf,47.659086/-117.411082,Spokane (extrapolated),2010,07:30-08:30,,,,,,,,,,,,,0.875,0.875,0.875,0.875,,,,,47.659086,-117.411082
http://www.spokaneengineering.org/wp-content/uploads/2010/09/Chapter-3-Existing-Conditions.pdf,47.659086/-117.411082,Spokane (extrapolated),2010,16:30-17:30,,,,,,,,,,,,,0.5,0.5,0.5,0.5,,,,,47.659086,-117.411082
http://www.spokaneengineering.org/wp-content/uploads/2010/09/Chapter-3-Existing-Conditions.pdf,47.659072/-117.409151,Spokane (extrapolated),2010,07:30-08:30,,,,,,,,,,,,,1,1,1,1,,,,,47.659072,-117.409151
http://www.spokaneengineering.org/wp-content/uploads/2010/09/Chapter-3-Existing-Conditions.pdf,47.659072/-117.409151,Spokane (extrapolated),2010,16:30-17:30,,,,,,,,,,,,,2,2,2,2,,,,,47.659072,-117.409151
http://www.spokaneengineering.org/wp-content/uploads/2010/09/Chapter-3-Existing-Conditions.pdf,47.657887/-117.425008,Spokane (extrapolated),2010,07:30-08:30,,,,,,,,,,,,,53.625,53.625,53.625,53.625,,,,,47.657887,-117.425008
http://www.spokaneengineering.org/wp-content/uploads/2010/09/Chapter-3-Existing-Conditions.pdf,47.657887/-117.425008,Spokane (extrapolated),2010,16:30-17:30,,,,,,,,,,,,,29.5,29.5,29.5,29.5,,,,,47.657887,-117.425008
http://www.spokaneengineering.org/wp-content/uploads/2010/09/Chapter-3-Existing-Conditions.pdf,47.657901/-117.423527,Spokane (extrapolated),2010,07:30-08:30,,,,,,,,,,,,,112.5,112.5,112.5,112.5,,,,,47.657901,-117.423527
http://www.spokaneengineering.org/wp-content/uploads/2010/09/Chapter-3-Existing-Conditions.pdf,47.657901/-117.423527,Spokane (extrapolated),2010,16:30-17:30,,,,,,,,,,,,,71.25,71.25,71.25,71.25,,,,,47.657901,-117.423527
http://www.spokaneengineering.org/wp-content/uploads/2010/09/Chapter-3-Existing-Conditions.pdf,47.657916/-117.422090,Spokane (extrapolated),2010,07:30-08:30,,,,,,,,,,,,,86.125,86.125,86.125,86.125,,,,,47.657916,-117.422090
http://www.spokaneengineering.org/wp-content/uploads/2010/09/Chapter-3-Existing-Conditions.pdf,47.657916/-117.422090,Spokane (extrapolated),2010,16:30-17:30,,,,,,,,,,,,,34,34,34,34,,,,,47.657916,-117.422090
http://www.spokaneengineering.org/wp-content/uploads/2010/09/Chapter-3-Existing-Conditions.pdf,47.657945/-117.421060,Spokane (extrapolated),2010,07:30-08:30,,,,,,,,,,,,,38,38,38,38,,,,,47.657945,-117.421060
http://www.spokaneengineering.org/wp-content/uploads/2010/09/Chapter-3-Existing-Conditions.pdf,47.657945/-117.421060,Spokane (extrapolated),2010,16:30-17:30,,,,,,,,,,,,,29,29,29,29,,,,,47.657945,-117.421060
http://www.spokaneengineering.org/wp-content/uploads/2010/09/Chapter-3-Existing-Conditions.pdf,47.657916/-117.419558,Spokane (extrapolated),2010,07:30-08:30,,,,,,,,,,,,,34.5,34.5,34.5,34.5,,,,,47.657916,-117.419558
http://www.spokaneengineering.org/wp-content/uploads/2010/09/Chapter-3-Existing-Conditions.pdf,47.657916/-117.419558,Spokane (extrapolated),2010,16:30-17:30,,,,,,,,,,,,,21.25,21.25,21.25,21.25,,,,,47.657916,-117.419558
http://www.spokaneengineering.org/wp-content/uploads/2010/09/Chapter-3-Existing-Conditions.pdf,47.657930/-117.418034,Spokane (extrapolated),2010,07:30-08:30,,,,,,,,,,,,,37.125,37.125,37.125,37.125,,,,,47.657930,-117.418034
http://www.spokaneengineering.org/wp-content/uploads/2010/09/Chapter-3-Existing-Conditions.pdf,47.657930/-117.418034,Spokane (extrapolated),2010,16:30-17:30,,,,,,,,,,,,,26.25,26.25,26.25,26.25,,,,,47.657930,-117.418034
http://www.spokaneengineering.org/wp-content/uploads/2010/09/Chapter-3-Existing-Conditions.pdf,47.657930/-117.415974,Spokane (extrapolated),2010,07:30-08:30,,,,,,,,,,,,,26.875,26.875,26.875,26.875,,,,,47.657930,-117.415974
http://www.spokaneengineering.org/wp-content/uploads/2010/09/Chapter-3-Existing-Conditions.pdf,47.657930/-117.415974,Spokane (extrapolated),2010,16:30-17:30,,,,,,,,,,,,,13.25,13.25,13.25,13.25,,,,,47.657930,-117.415974
http://www.spokaneengineering.org/wp-content/uploads/2010/09/Chapter-3-Existing-Conditions.pdf,47.657945/-117.413292,Spokane (extrapolated),2010,07:30-08:30,,,,,,,,,,,,,3.25,3.25,3.25,3.25,,,,,47.657945,-117.413292
http://www.spokaneengineering.org/wp-content/uploads/2010/09/Chapter-3-Existing-Conditions.pdf,47.657945/-117.413292,Spokane (extrapolated),2010,16:30-17:30,,,,,,,,,,,,,3.25,3.25,3.25,3.25,,,,,47.657945,-117.413292
http://www.spokaneengineering.org/wp-content/uploads/2010/09/Chapter-3-Existing-Conditions.pdf,47.657974/-117.411125,Spokane (extrapolated),2010,07:30-08:30,,,,,,,,,,,,,2,2,2,2,,,,,47.657974,-117.411125
http://www.spokaneengineering.org/wp-content/uploads/2010/09/Chapter-3-Existing-Conditions.pdf,47.657974/-117.411125,Spokane (extrapolated),2010,16:30-17:30,,,,,,,,,,,,,2.75,2.75,2.75,2.75,,,,,47.657974,-117.411125
http://www.spokaneengineering.org/wp-content/uploads/2010/09/Chapter-3-Existing-Conditions.pdf,47.657135/-117.429621,Spokane (extrapolated),2010,07:30-08:30,,,,,,,,,,,,,14,14,14,14,,,,,47.657135,-117.429621
http://www.spokaneengineering.org/wp-content/uploads/2010/09/Chapter-3-Existing-Conditions.pdf,47.657135/-117.429621,Spokane (extrapolated),2010,16:30-17:30,,,,,,,,,,,,,11,11,11,11,,,,,47.657135,-117.429621
http://www.spokaneengineering.org/wp-content/uploads/2010/09/Chapter-3-Existing-Conditions.pdf,47.657164/-117.426531,Spokane (extrapolated),2010,07:30-08:30,,,,,,,,,,,,,39.25,39.25,39.25,39.25,,,,,47.657164,-117.426531
http://www.spokaneengineering.org/wp-content/uploads/2010/09/Chapter-3-Existing-Conditions.pdf,47.657164/-117.426531,Spokane (extrapolated),2010,16:30-17:30,,,,,,,,,,,,,21.75,21.75,21.75,21.75,,,,,47.657164,-117.426531
http://www.spokaneengineering.org/wp-content/uploads/2010/09/Chapter-3-Existing-Conditions.pdf,47.657208/-117.424986,Spokane (extrapolated),2010,07:30-08:30,,,,,,,,,,,,,32.75,32.75,32.75,32.75,,,,,47.657208,-117.424986
http://www.spokaneengineering.org/wp-content/uploads/2010/09/Chapter-3-Existing-Conditions.pdf,47.657208/-117.424986,Spokane (extrapolated),2010,16:30-17:30,,,,,,,,,,,,,12,12,12,12,,,,,47.657208,-117.424986
http://www.spokaneengineering.org/wp-content/uploads/2010/09/Chapter-3-Existing-Conditions.pdf,47.657164/-117.423441,Spokane (extrapolated),2010,07:30-08:30,,,,,,,,,,,,,98.875,98.875,98.875,98.875,,,,,47.657164,-117.423441
http://www.spokaneengineering.org/wp-content/uploads/2010/09/Chapter-3-Existing-Conditions.pdf,47.657164/-117.423441,Spokane (extrapolated),2010,16:30-17:30,,,,,,,,,,,,,84,84,84,84,,,,,47.657164,-117.423441
http://www.spokaneengineering.org/wp-content/uploads/2010/09/Chapter-3-Existing-Conditions.pdf,47.657164/-117.422047,Spokane (extrapolated),2010,07:30-08:30,,,,,,,,,,,,,45.25,45.25,45.25,45.25,,,,,47.657164,-117.422047
http://www.spokaneengineering.org/wp-content/uploads/2010/09/Chapter-3-Existing-Conditions.pdf,47.657164/-117.422047,Spokane (extrapolated),2010,16:30-17:30,,,,,,,,,,,,,36,36,36,36,,,,,47.657164,-117.422047
http://www.spokaneengineering.org/wp-content/uploads/2010/09/Chapter-3-Existing-Conditions.pdf,47.657222/-117.421070,Spokane (extrapolated),2010,07:30-08:30,,,,,,,,,,,,,62.875,62.875,62.875,62.875,,,,,47.657222,-117.421070
http://www.spokaneengineering.org/wp-content/uploads/2010/09/Chapter-3-Existing-Conditions.pdf,47.657222/-117.421070,Spokane (extrapolated),2010,16:30-17:30,,,,,,,,,,,,,35.75,35.75,35.75,35.75,,,,,47.657222,-117.421070
http://www.spokaneengineering.org/wp-content/uploads/2010/09/Chapter-3-Existing-Conditions.pdf,47.657215/-117.419547,Spokane (extrapolated),2010,07:30-08:30,,,,,,,,,,,,,55.75,55.75,55.75,55.75,,,,,47.657215,-117.419547
http://www.spokaneengineering.org/wp-content/uploads/2010/09/Chapter-3-Existing-Conditions.pdf,47.657215/-117.419547,Spokane (extrapolated),2010,16:30-17:30,,,,,,,,,,,,,42.75,42.75,42.75,42.75,,,,,47.657215,-117.419547
http://www.spokaneengineering.org/wp-content/uploads/2010/09/Chapter-3-Existing-Conditions.pdf,47.657236/-117.418034,Spokane (extrapolated),2010,07:30-08:30,,,,,,,,,,,,,30.5,30.5,30.5,30.5,,,,,47.657236,-117.418034
http://www.spokaneengineering.org/wp-content/uploads/2010/09/Chapter-3-Existing-Conditions.pdf,47.657236/-117.418034,Spokane (extrapolated),2010,16:30-17:30,,,,,,,,,,,,,10.5,10.5,10.5,10.5,,,,,47.657236,-117.418034
http://www.spokaneengineering.org/wp-content/uploads/2010/09/Chapter-3-Existing-Conditions.pdf,47.657251/-117.415931,Spokane (extrapolated),2010,07:30-08:30,,,,,,,,,,,,,9.25,9.25,9.25,9.25,,,,,47.657251,-117.415931
http://www.spokaneengineering.org/wp-content/uploads/2010/09/Chapter-3-Existing-Conditions.pdf,47.657251/-117.415931,Spokane (extrapolated),2010,16:30-17:30,,,,,,,,,,,,,9.25,9.25,9.25,9.25,,,,,47.657251,-117.415931
http://www.spokaneengineering.org/wp-content/uploads/2010/09/Chapter-3-Existing-Conditions.pdf,47.657251/-117.413292,Spokane (extrapolated),2010,07:30-08:30,,,,,,,,,,,,,3.75,3.75,3.75,3.75,,,,,47.657251,-117.413292
http://www.spokaneengineering.org/wp-content/uploads/2010/09/Chapter-3-Existing-Conditions.pdf,47.657251/-117.413292,Spokane (extrapolated),2010,16:30-17:30,,,,,,,,,,,,,3.25,3.25,3.25,3.25,,,,,47.657251,-117.413292
http://www.spokaneengineering.org/wp-content/uploads/2010/09/Chapter-3-Existing-Conditions.pdf,47.657251/-117.411253,Spokane (extrapolated),2010,07:30-08:30,,,,,,,,,,,,,3,3,3,3,,,,,47.657251,-117.411253
http://www.spokaneengineering.org/wp-content/uploads/2010/09/Chapter-3-Existing-Conditions.pdf,47.657251/-117.411253,Spokane (extrapolated),2010,16:30-17:30,,,,,,,,,,,,,4.25,4.25,4.25,4.25,,,,,47.657251,-117.411253
http://www.spokaneengineering.org/wp-content/uploads/2010/09/Chapter-3-Existing-Conditions.pdf,47.657280/-117.403636,Spokane (extrapolated),2010,07:30-08:30,,,,,,,,,,,,,1.875,1.875,1.875,1.875,,,,,47.657280,-117.403636
http://www.spokaneengineering.org/wp-content/uploads/2010/09/Chapter-3-Existing-Conditions.pdf,47.657280/-117.403636,Spokane (extrapolated),2010,16:30-17:30,,,,,,,,,,,,,1.25,1.25,1.25,1.25,,,,,47.657280,-117.403636
http://www.spokaneengineering.org/wp-content/uploads/2010/09/Chapter-3-Existing-Conditions.pdf,47.656528/-117.432497,Spokane (extrapolated),2010,07:30-08:30,,,,,,,,,,,,,10.25,10.25,10.25,10.25,,,,,47.656528,-117.432497
http://www.spokaneengineering.org/wp-content/uploads/2010/09/Chapter-3-Existing-Conditions.pdf,47.656528/-117.432497,Spokane (extrapolated),2010,16:30-17:30,,,,,,,,,,,,,6.75,6.75,6.75,6.75,,,,,47.656528,-117.432497
http://www.spokaneengineering.org/wp-content/uploads/2010/09/Chapter-3-Existing-Conditions.pdf,47.656514/-117.429621,Spokane (extrapolated),2010,07:30-08:30,,,,,,,,,,,,,12.25,12.25,12.25,12.25,,,,,47.656514,-117.429621
http://www.spokaneengineering.org/wp-content/uploads/2010/09/Chapter-3-Existing-Conditions.pdf,47.656514/-117.429621,Spokane (extrapolated),2010,16:30-17:30,,,,,,,,,,,,,7.75,7.75,7.75,7.75,,,,,47.656514,-117.429621
http://www.spokaneengineering.org/wp-content/uploads/2010/09/Chapter-3-Existing-Conditions.pdf,47.656543/-117.426531,Spokane (extrapolated),2010,07:30-08:30,,,,,,,,,,,,,11.125,11.125,11.125,11.125,,,,,47.656543,-117.426531
http://www.spokaneengineering.org/wp-content/uploads/2010/09/Chapter-3-Existing-Conditions.pdf,47.656543/-117.426531,Spokane (extrapolated),2010,16:30-17:30,,,,,,,,,,,,,9.75,9.75,9.75,9.75,,,,,47.656543,-117.426531
http://www.spokaneengineering.org/wp-content/uploads/2010/09/Chapter-3-Existing-Conditions.pdf,47.656572/-117.425051,Spokane (extrapolated),2010,07:30-08:30,,,,,,,,,,,,,25.75,25.75,25.75,25.75,,,,,47.656572,-117.425051
http://www.spokaneengineering.org/wp-content/uploads/2010/09/Chapter-3-Existing-Conditions.pdf,47.656572/-117.425051,Spokane (extrapolated),2010,16:30-17:30,,,,,,,,,,,,,19,19,19,19,,,,,47.656572,-117.425051
http://www.spokaneengineering.org/wp-content/uploads/2010/09/Chapter-3-Existing-Conditions.pdf,47.656557/-117.423506,Spokane (extrapolated),2010,07:30-08:30,,,,,,,,,,,,,28.125,28.125,28.125,28.125,,,,,47.656557,-117.423506
http://www.spokaneengineering.org/wp-content/uploads/2010/09/Chapter-3-Existing-Conditions.pdf,47.656557/-117.423506,Spokane (extrapolated),2010,16:30-17:30,,,,,,,,,,,,,19,19,19,19,,,,,47.656557,-117.423506
http://www.spokaneengineering.org/wp-content/uploads/2010/09/Chapter-3-Existing-Conditions.pdf,47.656572/-117.422068,Spokane (extrapolated),2010,07:30-08:30,,,,,,,,,,,,,31,31,31,31,,,,,47.656572,-117.422068
http://www.spokaneengineering.org/wp-content/uploads/2010/09/Chapter-3-Existing-Conditions.pdf,47.656572/-117.422068,Spokane (extrapolated),2010,16:30-17:30,,,,,,,,,,,,,19.75,19.75,19.75,19.75,,,,,47.656572,-117.422068
http://www.spokaneengineering.org/wp-content/uploads/2010/09/Chapter-3-Existing-Conditions.pdf,47.656586/-117.421060,Spokane (extrapolated),2010,07:30-08:30,,,,,,,,,,,,,40.5,40.5,40.5,40.5,,,,,47.656586,-117.421060
http://www.spokaneengineering.org/wp-content/uploads/2010/09/Chapter-3-Existing-Conditions.pdf,47.656586/-117.421060,Spokane (extrapolated),2010,16:30-17:30,,,,,,,,,,,,,32.25,32.25,32.25,32.25,,,,,47.656586,-117.421060
http://www.spokaneengineering.org/wp-content/uploads/2010/09/Chapter-3-Existing-Conditions.pdf,47.656615/-117.419558,Spokane (extrapolated),2010,07:30-08:30,,,,,,,,,,,,,21.375,21.375,21.375,21.375,,,,,47.656615,-117.419558
http://www.spokaneengineering.org/wp-content/uploads/2010/09/Chapter-3-Existing-Conditions.pdf,47.656615/-117.419558,Spokane (extrapolated),2010,16:30-17:30,,,,,,,,,,,,,14,14,14,14,,,,,47.656615,-117.419558
http://www.spokaneengineering.org/wp-content/uploads/2010/09/Chapter-3-Existing-Conditions.pdf,47.656586/-117.418013,Spokane (extrapolated),2010,07:30-08:30,,,,,,,,,,,,,22.5,22.5,22.5,22.5,,,,,47.656586,-117.418013
http://www.spokaneengineering.org/wp-content/uploads/2010/09/Chapter-3-Existing-Conditions.pdf,47.656586/-117.418013,Spokane (extrapolated),2010,16:30-17:30,,,,,,,,,,,,,21.5,21.5,21.5,21.5,,,,,47.656586,-117.418013
http://www.spokaneengineering.org/wp-content/uploads/2010/09/Chapter-3-Existing-Conditions.pdf,47.654461/-117.435522,Spokane (extrapolated),2010,07:30-08:30,,,,,,,,,,,,,4.75,4.75,4.75,4.75,,,,,47.654461,-117.435522
http://www.spokaneengineering.org/wp-content/uploads/2010/09/Chapter-3-Existing-Conditions.pdf,47.654461/-117.435522,Spokane (extrapolated),2010,16:30-17:30,,,,,,,,,,,,,3.5,3.5,3.5,3.5,,,,,47.654461,-117.435522
http://www.spokaneengineering.org/wp-content/uploads/2010/09/Chapter-3-Existing-Conditions.pdf,47.654447/-117.434042,Spokane (extrapolated),2010,07:30-08:30,,,,,,,,,,,,,8.25,8.25,8.25,8.25,,,,,47.654447,-117.434042
http://www.spokaneengineering.org/wp-content/uploads/2010/09/Chapter-3-Existing-Conditions.pdf,47.654447/-117.434042,Spokane (extrapolated),2010,16:30-17:30,,,,,,,,,,,,,6,6,6,6,,,,,47.654447,-117.434042
http://www.spokaneengineering.org/wp-content/uploads/2010/09/Chapter-3-Existing-Conditions.pdf,47.654432/-117.432454,Spokane (extrapolated),2010,07:30-08:30,,,,,,,,,,,,,6,6,6,6,,,,,47.654432,-117.432454
http://www.spokaneengineering.org/wp-content/uploads/2010/09/Chapter-3-Existing-Conditions.pdf,47.654432/-117.432454,Spokane (extrapolated),2010,16:30-17:30,,,,,,,,,,,,,3.25,3.25,3.25,3.25,,,,,47.654432,-117.432454
http://www.spokaneengineering.org/wp-content/uploads/2010/09/Chapter-3-Existing-Conditions.pdf,47.654447/-117.429535,Spokane (extrapolated),2010,07:30-08:30,,,,,,,,,,,,,13.25,13.25,13.25,13.25,,,,,47.654447,-117.429535
http://www.spokaneengineering.org/wp-content/uploads/2010/09/Chapter-3-Existing-Conditions.pdf,47.654447/-117.429535,Spokane (extrapolated),2010,16:30-17:30,,,,,,,,,,,,,10.75,10.75,10.75,10.75,,,,,47.654447,-117.429535
http://www.spokaneengineering.org/wp-content/uploads/2010/09/Chapter-3-Existing-Conditions.pdf,47.654461/-117.426488,Spokane (extrapolated),2010,07:30-08:30,,,,,,,,,,,,,18.75,18.75,18.75,18.75,,,,,47.654461,-117.426488
http://www.spokaneengineering.org/wp-content/uploads/2010/09/Chapter-3-Existing-Conditions.pdf,47.654461/-117.426488,Spokane (extrapolated),2010,16:30-17:30,,,,,,,,,,,,,11,11,11,11,,,,,47.654461,-117.426488
http://www.spokaneengineering.org/wp-content/uploads/2010/09/Chapter-3-Existing-Conditions.pdf,47.654476/-117.424986,Spokane (extrapolated),2010,07:30-08:30,,,,,,,,,,,,,14.125,14.125,14.125,14.125,,,,,47.654476,-117.424986
http://www.spokaneengineering.org/wp-content/uploads/2010/09/Chapter-3-Existing-Conditions.pdf,47.654476/-117.424986,Spokane (extrapolated),2010,16:30-17:30,,,,,,,,,,,,,7.5,7.5,7.5,7.5,,,,,47.654476,-117.424986
http://www.spokaneengineering.org/wp-content/uploads/2010/09/Chapter-3-Existing-Conditions.pdf,47.654490/-117.423484,Spokane (extrapolated),2010,07:30-08:30,,,,,,,,,,,,,15.75,15.75,15.75,15.75,,,,,47.654490,-117.423484
http://www.spokaneengineering.org/wp-content/uploads/2010/09/Chapter-3-Existing-Conditions.pdf,47.654490/-117.423484,Spokane (extrapolated),2010,16:30-17:30,,,,,,,,,,,,,10.75,10.75,10.75,10.75,,,,,47.654490,-117.423484
http://www.spokaneengineering.org/wp-content/uploads/2010/09/Chapter-3-Existing-Conditions.pdf,47.654505/-117.422047,Spokane (extrapolated),2010,07:30-08:30,,,,,,,,,,,,,19,19,19,19,,,,,47.654505,-117.422047
http://www.spokaneengineering.org/wp-content/uploads/2010/09/Chapter-3-Existing-Conditions.pdf,47.654505/-117.422047,Spokane (extrapolated),2010,16:30-17:30,,,,,,,,,,,,,14,14,14,14,,,,,47.654505,-117.422047
http://www.spokaneengineering.org/wp-content/uploads/2010/09/Chapter-3-Existing-Conditions.pdf,47.654505/-117.420995,Spokane (extrapolated),2010,07:30-08:30,,,,,,,,,,,,,38.625,38.625,38.625,38.625,,,,,47.654505,-117.420995
http://www.spokaneengineering.org/wp-content/uploads/2010/09/Chapter-3-Existing-Conditions.pdf,47.654505/-117.420995,Spokane (extrapolated),2010,16:30-17:30,,,,,,,,,,,,,32.5,32.5,32.5,32.5,,,,,47.654505,-117.420995
http://www.spokaneengineering.org/wp-content/uploads/2010/09/Chapter-3-Existing-Conditions.pdf,47.654505/-117.419493,Spokane (extrapolated),2010,07:30-08:30,,,,,,,,,,,,,15.375,15.375,15.375,15.375,,,,,47.654505,-117.419493
http://www.spokaneengineering.org/wp-content/uploads/2010/09/Chapter-3-Existing-Conditions.pdf,47.654505/-117.419493,Spokane (extrapolated),2010,16:30-17:30,,,,,,,,,,,,,13.25,13.25,13.25,13.25,,,,,47.654505,-117.419493
http://www.spokaneengineering.org/wp-content/uploads/2010/09/Chapter-3-Existing-Conditions.pdf,47.654519/-117.417970,Spokane (extrapolated),2010,07:30-08:30,,,,,,,,,,,,,18.5,18.5,18.5,18.5,,,,,47.654519,-117.417970
http://www.spokaneengineering.org/wp-content/uploads/2010/09/Chapter-3-Existing-Conditions.pdf,47.654519/-117.417970,Spokane (extrapolated),2010,16:30-17:30,,,,,,,,,,,,,12.25,12.25,12.25,12.25,,,,,47.654519,-117.417970
http://www.spokaneengineering.org/wp-content/uploads/2010/09/Chapter-3-Existing-Conditions.pdf,47.654519/-117.413378,Spokane (extrapolated),2010,07:30-08:30,,,,,,,,,,,,,3.25,3.25,3.25,3.25,,,,,47.654519,-117.413378
http://www.spokaneengineering.org/wp-content/uploads/2010/09/Chapter-3-Existing-Conditions.pdf,47.654519/-117.413378,Spokane (extrapolated),2010,16:30-17:30,,,,,,,,,,,,,3.75,3.75,3.75,3.75,,,,,47.654519,-117.413378
http://www.spokaneengineering.org/wp-content/uploads/2010/09/Chapter-3-Existing-Conditions.pdf,47.654563/-117.411211,Spokane (extrapolated),2010,07:30-08:30,,,,,,,,,,,,,0.5,0.5,0.5,0.5,,,,,47.654563,-117.411211
http://www.spokaneengineering.org/wp-content/uploads/2010/09/Chapter-3-Existing-Conditions.pdf,47.654563/-117.411211,Spokane (extrapolated),2010,16:30-17:30,,,,,,,,,,,,,1,1,1,1,,,,,47.654563,-117.411211
http://www.spokaneengineering.org/wp-content/uploads/2010/09/Chapter-3-Existing-Conditions.pdf,47.654606/-117.403593,Spokane (extrapolated),2010,07:30-08:30,,,,,,,,,,,,,2.25,2.25,2.25,2.25,,,,,47.654606,-117.403593
http://www.spokaneengineering.org/wp-content/uploads/2010/09/Chapter-3-Existing-Conditions.pdf,47.654606/-117.403593,Spokane (extrapolated),2010,16:30-17:30,,,,,,,,,,,,,0.25,0.25,0.25,0.25,,,,,47.654606,-117.403593
http://www.spokaneengineering.org/wp-content/uploads/2010/09/Chapter-3-Existing-Conditions.pdf,47.653536/-117.435501,Spokane (extrapolated),2010,07:30-08:30,,,,,,,,,,,,,8.75,8.75,8.75,8.75,,,,,47.653536,-117.435501
http://www.spokaneengineering.org/wp-content/uploads/2010/09/Chapter-3-Existing-Conditions.pdf,47.653536/-117.435501,Spokane (extrapolated),2010,16:30-17:30,,,,,,,,,,,,,1.75,1.75,1.75,1.75,,,,,47.653536,-117.435501
http://www.spokaneengineering.org/wp-content/uploads/2010/09/Chapter-3-Existing-Conditions.pdf,47.653565/-117.434020,Spokane (extrapolated),2010,07:30-08:30,,,,,,,,,,,,,9.125,9.125,9.125,9.125,,,,,47.653565,-117.434020
http://www.spokaneengineering.org/wp-content/uploads/2010/09/Chapter-3-Existing-Conditions.pdf,47.653565/-117.434020,Spokane (extrapolated),2010,16:30-17:30,,,,,,,,,,,,,4.25,4.25,4.25,4.25,,,,,47.653565,-117.434020
http://www.spokaneengineering.org/wp-content/uploads/2010/09/Chapter-3-Existing-Conditions.pdf,47.653450/-117.432411,Spokane (extrapolated),2010,07:30-08:30,,,,,,,,,,,,,4.625,4.625,4.625,4.625,,,,,47.653450,-117.432411
http://www.spokaneengineering.org/wp-content/uploads/2010/09/Chapter-3-Existing-Conditions.pdf,47.653450/-117.432411,Spokane (extrapolated),2010,16:30-17:30,,,,,,,,,,,,,0.5,0.5,0.5,0.5,,,,,47.653450,-117.432411
http://www.spokaneengineering.org/wp-content/uploads/2010/09/Chapter-3-Existing-Conditions.pdf,47.653421/-117.429557,Spokane (extrapolated),2010,07:30-08:30,,,,,,,,,,,,,14.875,14.875,14.875,14.875,,,,,47.653421,-117.429557
http://www.spokaneengineering.org/wp-content/uploads/2010/09/Chapter-3-Existing-Conditions.pdf,47.653421/-117.429557,Spokane (extrapolated),2010,16:30-17:30,,,,,,,,,,,,,9.5,9.5,9.5,9.5,,,,,47.653421,-117.429557
http://www.spokaneengineering.org/wp-content/uploads/2010/09/Chapter-3-Existing-Conditions.pdf,47.653464/-117.426467,Spokane (extrapolated),2010,07:30-08:30,,,,,,,,,,,,,2.125,2.125,2.125,2.125,,,,,47.653464,-117.426467
http://www.spokaneengineering.org/wp-content/uploads/2010/09/Chapter-3-Existing-Conditions.pdf,47.653464/-117.426467,Spokane (extrapolated),2010,16:30-17:30,,,,,,,,,,,,,4.25,4.25,4.25,4.25,,,,,47.653464,-117.426467
http://www.spokaneengineering.org/wp-content/uploads/2010/09/Chapter-3-Existing-Conditions.pdf,47.653450/-117.424965,Spokane (extrapolated),2010,07:30-08:30,,,,,,,,,,,,,10.375,10.375,10.375,10.375,,,,,47.653450,-117.424965
http://www.spokaneengineering.org/wp-content/uploads/2010/09/Chapter-3-Existing-Conditions.pdf,47.653450/-117.424965,Spokane (extrapolated),2010,16:30-17:30,,,,,,,,,,,,,8.25,8.25,8.25,8.25,,,,,47.653450,-117.424965
http://www.spokaneengineering.org/wp-content/uploads/2010/09/Chapter-3-Existing-Conditions.pdf,47.653464/-117.423484,Spokane (extrapolated),2010,07:30-08:30,,,,,,,,,,,,,6.25,6.25,6.25,6.25,,,,,47.653464,-117.423484
http://www.spokaneengineering.org/wp-content/uploads/2010/09/Chapter-3-Existing-Conditions.pdf,47.653464/-117.423484,Spokane (extrapolated),2010,16:30-17:30,,,,,,,,,,,,,3.25,3.25,3.25,3.25,,,,,47.653464,-117.423484
http://www.spokaneengineering.org/wp-content/uploads/2010/09/Chapter-3-Existing-Conditions.pdf,47.653464/-117.422025,Spokane (extrapolated),2010,07:30-08:30,,,,,,,,,,,,,19.125,19.125,19.125,19.125,,,,,47.653464,-117.422025
http://www.spokaneengineering.org/wp-content/uploads/2010/09/Chapter-3-Existing-Conditions.pdf,47.653464/-117.422025,Spokane (extrapolated),2010,16:30-17:30,,,,,,,,,,,,,19.5,19.5,19.5,19.5,,,,,47.653464,-117.422025
http://www.spokaneengineering.org/wp-content/uploads/2010/09/Chapter-3-Existing-Conditions.pdf,47.653464/-117.421017,Spokane (extrapolated),2010,07:30-08:30,,,,,,,,,,,,,21.25,21.25,21.25,21.25,,,,,47.653464,-117.421017
http://www.spokaneengineering.org/wp-content/uploads/2010/09/Chapter-3-Existing-Conditions.pdf,47.653464/-117.421017,Spokane (extrapolated),2010,16:30-17:30,,,,,,,,,,,,,15,15,15,15,,,,,47.653464,-117.421017
http://www.spokaneengineering.org/wp-content/uploads/2010/09/Chapter-3-Existing-Conditions.pdf,47.653478/-117.419493,Spokane (extrapolated),2010,07:30-08:30,,,,,,,,,,,,,14.625,14.625,14.625,14.625,,,,,47.653478,-117.419493
http://www.spokaneengineering.org/wp-content/uploads/2010/09/Chapter-3-Existing-Conditions.pdf,47.653478/-117.419493,Spokane (extrapolated),2010,16:30-17:30,,,,,,,,,,,,,14,14,14,14,,,,,47.653478,-117.419493
http://www.spokaneengineering.org/wp-content/uploads/2010/09/Chapter-3-Existing-Conditions.pdf,47.653493/-117.417970,Spokane (extrapolated),2010,07:30-08:30,,,,,,,,,,,,,13,13,13,13,,,,,47.653493,-117.417970
http://www.spokaneengineering.org/wp-content/uploads/2010/09/Chapter-3-Existing-Conditions.pdf,47.653493/-117.417970,Spokane (extrapolated),2010,16:30-17:30,,,,,,,,,,,,,8.5,8.5,8.5,8.5,,,,,47.653493,-117.417970
http://www.spokaneengineering.org/wp-content/uploads/2010/09/Chapter-3-Existing-Conditions.pdf,47.653522/-117.413399,Spokane (extrapolated),2010,07:30-08:30,,,,,,,,,,,,,1.625,1.625,1.625,1.625,,,,,47.653522,-117.413399
http://www.spokaneengineering.org/wp-content/uploads/2010/09/Chapter-3-Existing-Conditions.pdf,47.653522/-117.413399,Spokane (extrapolated),2010,16:30-17:30,,,,,,,,,,,,,0.5,0.5,0.5,0.5,,,,,47.653522,-117.413399
http://www.spokaneengineering.org/wp-content/uploads/2010/09/Chapter-3-Existing-Conditions.pdf,47.653536/-117.411211,Spokane (extrapolated),2010,07:30-08:30,,,,,,,,,,,,,1.625,1.625,1.625,1.625,,,,,47.653536,-117.411211
http://www.spokaneengineering.org/wp-content/uploads/2010/09/Chapter-3-Existing-Conditions.pdf,47.653536/-117.411211,Spokane (extrapolated),2010,16:30-17:30,,,,,,,,,,,,,0.75,0.75,0.75,0.75,,,,,47.653536,-117.411211
http://www.spokaneengineering.org/wp-content/uploads/2010/09/Chapter-3-Existing-Conditions.pdf,47.653580/-117.403271,Spokane (extrapolated),2010,07:30-08:30,,,,,,,,,,,,,5,5,5,5,,,,,47.653580,-117.403271
http://www.spokaneengineering.org/wp-content/uploads/2010/09/Chapter-3-Existing-Conditions.pdf,47.653580/-117.403271,Spokane (extrapolated),2010,16:30-17:30,,,,,,,,,,,,,1.5,1.5,1.5,1.5,,,,,47.653580,-117.403271
http://www.spokaneengineering.org/wp-content/uploads/2010/09/Chapter-3-Existing-Conditions.pdf,47.652510/-117.433999,Spokane (extrapolated),2010,07:30-08:30,,,,,,,,,,,,,11.875,11.875,11.875,11.875,,,,,47.652510,-117.433999
http://www.spokaneengineering.org/wp-content/uploads/2010/09/Chapter-3-Existing-Conditions.pdf,47.652510/-117.433999,Spokane (extrapolated),2010,16:30-17:30,,,,,,,,,,,,,2.75,2.75,2.75,2.75,,,,,47.652510,-117.433999
http://www.spokaneengineering.org/wp-content/uploads/2010/09/Chapter-3-Existing-Conditions.pdf,47.652496/-117.432454,Spokane (extrapolated),2010,07:30-08:30,,,,,,,,,,,,,4.625,4.625,4.625,4.625,,,,,47.652496,-117.432454
http://www.spokaneengineering.org/wp-content/uploads/2010/09/Chapter-3-Existing-Conditions.pdf,47.652496/-117.432454,Spokane (extrapolated),2010,16:30-17:30,,,,,,,,,,,,,2,2,2,2,,,,,47.652496,-117.432454
http://www.spokaneengineering.org/wp-content/uploads/2010/09/Chapter-3-Existing-Conditions.pdf,47.652409/-117.426488,Spokane (extrapolated),2010,07:30-08:30,,,,,,,,,,,,,0.875,0.875,0.875,0.875,,,,,47.652409,-117.426488
http://www.spokaneengineering.org/wp-content/uploads/2010/09/Chapter-3-Existing-Conditions.pdf,47.652409/-117.426488,Spokane (extrapolated),2010,16:30-17:30,,,,,,,,,,,,,1.75,1.75,1.75,1.75,,,,,47.652409,-117.426488
http://www.spokaneengineering.org/wp-content/uploads/2010/09/Chapter-3-Existing-Conditions.pdf,47.652452/-117.419472,Spokane (extrapolated),2010,07:30-08:30,,,,,,,,,,,,,17.625,17.625,17.625,17.625,,,,,47.652452,-117.419472
http://www.spokaneengineering.org/wp-content/uploads/2010/09/Chapter-3-Existing-Conditions.pdf,47.652452/-117.419472,Spokane (extrapolated),2010,16:30-17:30,,,,,,,,,,,,,18.5,18.5,18.5,18.5,,,,,47.652452,-117.419472
http://www.spokaneengineering.org/wp-content/uploads/2010/09/Chapter-3-Existing-Conditions.pdf,47.652452/-117.417970,Spokane (extrapolated),2010,07:30-08:30,,,,,,,,,,,,,30,30,30,30,,,,,47.652452,-117.417970
http://www.spokaneengineering.org/wp-content/uploads/2010/09/Chapter-3-Existing-Conditions.pdf,47.652452/-117.417970,Spokane (extrapolated),2010,16:30-17:30,,,,,,,,,,,,,50.25,50.25,50.25,50.25,,,,,47.652452,-117.417970
http://www.spokaneengineering.org/wp-content/uploads/2010/09/Chapter-3-Existing-Conditions.pdf,47.652048/-117.411232,Spokane (extrapolated),2010,07:30-08:30,,,,,,,,,,,,,2.5,2.5,2.5,2.5,,,,,47.652048,-117.411232
http://www.spokaneengineering.org/wp-content/uploads/2010/09/Chapter-3-Existing-Conditions.pdf,47.652048/-117.411232,Spokane (extrapolated),2010,16:30-17:30,,,,,,,,,,,,,4,4,4,4,,,,,47.652048,-117.411232
http://www.spokaneengineering.org/wp-content/uploads/2010/09/Chapter-3-Existing-Conditions.pdf,47.652062/-117.408164,Spokane (extrapolated),2010,07:30-08:30,,,,,,,,,,,,,0,0,0,0,,,,,47.652062,-117.408164
http://www.spokaneengineering.org/wp-content/uploads/2010/09/Chapter-3-Existing-Conditions.pdf,47.652062/-117.408164,Spokane (extrapolated),2010,16:30-17:30,,,,,,,,,,,,,0,0,0,0,,,,,47.652062,-117.408164
http://www.spokaneengineering.org/wp-content/uploads/2010/09/Chapter-3-Existing-Conditions.pdf,47.651686/-117.403121,Spokane (extrapolated),2010,07:30-08:30,,,,,,,,,,,,,2.25,2.25,2.25,2.25,,,,,47.651686,-117.403121
http://www.spokaneengineering.org/wp-content/uploads/2010/09/Chapter-3-Existing-Conditions.pdf,47.651686/-117.403121,Spokane (extrapolated),2010,16:30-17:30,,,,,,,,,,,,,1.75,1.75,1.75,1.75,,,,,47.651686,-117.403121
http://www.spokaneengineering.org/wp-content/uploads/2010/09/Chapter-3-Existing-Conditions.pdf,47.650400/-117.419450,Spokane (extrapolated),2010,07:30-08:30,,,,,,,,,,,,,14.625,14.625,14.625,14.625,,,,,47.650400,-117.419450
http://www.spokaneengineering.org/wp-content/uploads/2010/09/Chapter-3-Existing-Conditions.pdf,47.650400/-117.419450,Spokane (extrapolated),2010,16:30-17:30,,,,,,,,,,,,,16.5,16.5,16.5,16.5,,,,,47.650400,-117.419450
http://www.spokaneengineering.org/wp-content/uploads/2010/09/Chapter-3-Existing-Conditions.pdf,47.650414/-117.417927,Spokane (extrapolated),2010,07:30-08:30,,,,,,,,,,,,,8.75,8.75,8.75,8.75,,,,,47.650414,-117.417927
http://www.spokaneengineering.org/wp-content/uploads/2010/09/Chapter-3-Existing-Conditions.pdf,47.650414/-117.417927,Spokane (extrapolated),2010,16:30-17:30,,,,,,,,,,,,,12.5,12.5,12.5,12.5,,,,,47.650414,-117.417927
http://www.spokaneengineering.org/wp-content/uploads/2010/09/Chapter-3-Existing-Conditions.pdf,47.649344/-117.426445,Spokane (extrapolated),2010,07:30-08:30,,,,,,,,,,,,,3.375,3.375,3.375,3.375,,,,,47.649344,-117.426445
http://www.spokaneengineering.org/wp-content/uploads/2010/09/Chapter-3-Existing-Conditions.pdf,47.649344/-117.426445,Spokane (extrapolated),2010,16:30-17:30,,,,,,,,,,,,,1.5,1.5,1.5,1.5,,,,,47.649344,-117.426445
http://www.spokaneengineering.org/wp-content/uploads/2010/09/Chapter-3-Existing-Conditions.pdf,47.649460/-117.414901,Spokane (extrapolated),2010,07:30-08:30,,,,,,,,,,,,,2.875,2.875,2.875,2.875,,,,,47.649460,-117.414901
http://www.spokaneengineering.org/wp-content/uploads/2010/09/Chapter-3-Existing-Conditions.pdf,47.649460/-117.414901,Spokane (extrapolated),2010,16:30-17:30,,,,,,,,,,,,,3,3,3,3,,,,,47.649460,-117.414901
http://www.spokaneengineering.org/wp-content/uploads/2010/09/Chapter-3-Existing-Conditions.pdf,47.648376/-117.414858,Spokane (extrapolated),2010,07:30-08:30,,,,,,,,,,,,,6.75,6.75,6.75,6.75,,,,,47.648376,-117.414858
http://www.spokaneengineering.org/wp-content/uploads/2010/09/Chapter-3-Existing-Conditions.pdf,47.648376/-117.414858,Spokane (extrapolated),2010,16:30-17:30,,,,,,,,,,,,,6.5,6.5,6.5,6.5,,,,,47.648376,-117.414858
http://www.spokaneengineering.org/wp-content/uploads/2010/09/Chapter-3-Existing-Conditions.pdf,47.647292/-117.414815,Spokane (extrapolated),2010,07:30-08:30,,,,,,,,,,,,,11.25,11.25,11.25,11.25,,,,,47.647292,-117.414815
http://www.spokaneengineering.org/wp-content/uploads/2010/09/Chapter-3-Existing-Conditions.pdf,47.647292/-117.414815,Spokane (extrapolated),2010,16:30-17:30,,,,,,,,,,,,,8.75,8.75,8.75,8.75,,,,,47.647292,-117.414815
http://www.spokaneengineering.org/wp-content/uploads/2010/09/Chapter-3-Existing-Conditions.pdf,47.658320/-117.426574,Spokane (extrapolated),2010,07:30-08:30,,,,,,,,,,,,,42.75,42.75,42.75,42.75,,,,,47.658320,-117.426574
http://www.spokaneengineering.org/wp-content/uploads/2010/09/Chapter-3-Existing-Conditions.pdf,47.658320/-117.426574,Spokane (extrapolated),2010,16:30-17:30,,,,,,,,,,,,,0,0,0,0,,,,,47.658320,-117.426574
